global_index_zero_based,source_file,line_number_one_based,solution_sha256,direction_counts_bits_0_to_6,dimension_profile_sorted,squares_with_1_edge,squares_with_3_edges
34,q7_edges_304.jsonl.part1,35,2f2649ae9c4d1c901ba5a88f9825689de3cc19de1b742d86f5d66dbfd3aebec7,46;42;46;42;42;46;40,46;46;46;42;42;42;40,96,576
59,q7_edges_304.jsonl.part1,60,45da003b33d1243ea2031c7fec60bb8bdaea8da1358df2bf5fac51b13ea9b229,42;46;42;46;46;42;40,46;46;46;42;42;42;40,96,576
112,q7_edges_304.jsonl.part1,113,ff7a7fdd257a08942f42948af70c6e878c24372a0b5cc887204f526cc3e387e7,44;44;44;44;44;44;40,44;44;44;44;44;44;40,96,576
122,q7_edges_304.jsonl.part1,123,5e874dac14a1b7f6da726f6b2599c41b0a3051c153d68a40a96eb7027422f0ce,40;48;40;48;48;40;40,48;48;48;40;40;40;40,96,576
170,q7_edges_304.jsonl.part1,171,889938a5a98013740114d49ccfb66e21e005df0b5ecd1cd08aafea30c48003f9,48;40;48;40;40;48;40,48;48;48;40;40;40;40,96,576
192,q7_edges_304.jsonl.part1,193,daa880d4778fa29fab242d2a3c33a09504394783b3b8e0c1e05257f49716b4b8,44;44;44;42;44;44;42,44;44;44;44;44;42;42,96,576
281,q7_edges_304.jsonl.part1,282,3c3962f2c2df69d8c1d469f1a61f12a267f22176310597e1355558ef28ce810b,46;40;46;42;42;46;42,46;46;46;42;42;42;40,96,576
331,q7_edges_304.jsonl.part1,332,6277a396d2686cae1aadc83f564a396e2d15fbc9ac9037c78eb398cc8e77745d,44;42;44;42;44;44;44,44;44;44;44;44;42;42,96,576
420,q7_edges_304.jsonl.part1,421,035c9e5777f793dc13fcef019d573ec981e6f0c70ce274c2cabaa0b8a5882833,44;44;42;44;42;44;44,44;44;44;44;44;42;42,96,576
579,q7_edges_304.jsonl.part1,580,835fb107c679309264dea84fd465fe08e00d014a09aefa4819e3ff3515d4fc05,40;40;48;48;48;40;40,48;48;48;40;40;40;40,96,576
619,q7_edges_304.jsonl.part1,620,b88659d9963f06ae5c65804949e2acee73f08a7c713bb3f059fcc8e1c3e5cd8a,44;44;40;44;44;44;44,44;44;44;44;44;44;40,96,576
742,q7_edges_304.jsonl.part1,743,451043ed4ff1ed331e46e16656b7bc0224275f99039bee2ed15d4de8ef9d2292,44;44;42;44;44;44;42,44;44;44;44;44;42;42,96,576
831,q7_edges_304.jsonl.part1,832,0efee9145966fd0055f255960e2c8969f9a423820c883ccbc4e919fb7ba2e41e,40;48;40;48;40;40;48,48;48;48;40;40;40;40,96,576
876,q7_edges_304.jsonl.part1,877,900ec62b5ee74fe8b806cf7131851445878e4d2e16cc201074786c899fe092a3,42;44;44;44;44;44;42,44;44;44;44;44;42;42,96,576
895,q7_edges_304.jsonl.part1,896,385bc1c03baf8816355f5a3ad4a7d293bc1615bae96f3b16526ac9f532d35b87,42;44;42;44;44;44;44,44;44;44;44;44;42;42,96,576
965,q7_edges_304.jsonl.part1,966,8aa39a00d2b362596c7010120d74787786e28e69744a69edab8876b7896b3df2,44;44;44;44;44;44;40,44;44;44;44;44;44;40,96,576
978,q7_edges_304.jsonl.part1,979,0e1860586066946b003172a58325ad530ba6f4f38ea4f2a3c786e235b4cdd8b9,46;46;42;42;40;46;42,46;46;46;42;42;42;40,96,576
1027,q7_edges_304.jsonl.part1,1028,c16343e595f5b80627b4e9d88bcda6eb2245ab25a23191d053af158ac1577739,44;44;44;44;44;40;44,44;44;44;44;44;44;40,96,576
1136,q7_edges_304.jsonl.part1,1137,691b084ca79128d9529171492e1f258e60d0783636bff77392eaf37d0607aef3,44;44;44;40;44;44;44,44;44;44;44;44;44;40,96,576
1218,q7_edges_304.jsonl.part1,1219,09a1b3f30a19c311af741cd982add35a6d52a69b4158082bbdf1eac072dd4687,42;44;42;44;44;44;44,44;44;44;44;44;42;42,96,576
1444,q7_edges_304.jsonl.part1,1445,50587ed4ca2541a785ca21b2db8efe84d12598f4616c63445d13cc9b1d54b189,44;44;44;40;44;44;44,44;44;44;44;44;44;40,96,576
1478,q7_edges_304.jsonl.part1,1479,f36cb041e9035b82b47eda9748abf2af65cb02eb4b307b06267a3c504f52af5f,40;40;40;48;48;40;48,48;48;48;40;40;40;40,96,576
1620,q7_edges_304.jsonl.part1,1621,ff0ba7a5a8a9198bb2bac481db9dc0da7944fa68e881fb7604c2bd89c98068fb,46;46;42;42;42;40;46,46;46;46;42;42;42;40,96,576
1621,q7_edges_304.jsonl.part1,1622,c3d17be0d37d0902de1016834af88490b924847302e7d05c001be10bc482649c,48;48;40;48;40;40;40,48;48;48;40;40;40;40,96,576
2252,q7_edges_304.jsonl.part1,2253,937929ec05aca027730f4a83ef8ab5242654e80139043f15e1fff5ffd059356b,40;48;48;40;48;40;40,48;48;48;40;40;40;40,96,576
2267,q7_edges_304.jsonl.part1,2268,0ce51aa31f79be5add09603cc777c4108a013c2cb03dbddd15f20148133a7d9f,44;44;44;44;40;44;44,44;44;44;44;44;44;40,96,576
2332,q7_edges_304.jsonl.part1,2333,d94dbe9848cde7214b157df1371bd3e86425c08be6299e828e84f141c089ddba,44;44;44;44;44;40;44,44;44;44;44;44;44;40,96,576
2488,q7_edges_304.jsonl.part1,2489,fe5efdeea45200c2ab3bbead95e88c580cb3b2f8a3787f5833eb452dbbaeabff,40;48;48;40;48;40;40,48;48;48;40;40;40;40,96,576
2627,q7_edges_304.jsonl.part1,2628,73480ff4e50c9483e7bf52900fd715881ba9804932d0253cbdc765a4a1b526a8,48;40;40;40;48;48;40,48;48;48;40;40;40;40,96,576
2725,q7_edges_304.jsonl.part1,2726,b65759b66c9ca6a952428ec643049dfbcb42f8bad5b6ab11bb7b19c92c9f9765,48;40;40;48;40;48;40,48;48;48;40;40;40;40,96,576
2858,q7_edges_304.jsonl.part1,2859,a355307098293f30cc8030197044201437f857b54ea1d7dee263088c00c9cbee,48;40;40;40;48;40;48,48;48;48;40;40;40;40,96,576
2929,q7_edges_304.jsonl.part1,2930,3bf4b8907e7ad2780c9b733e99064ce2a27a8be85dc0b5cd2d4b32bf8d036d70,40;44;44;44;44;44;44,44;44;44;44;44;44;40,96,576
2938,q7_edges_304.jsonl.part1,2939,c03f99325b3b19a89f335b572c0f6e49020532294ab6af9d3455697b58a68d68,40;40;48;48;40;40;48,48;48;48;40;40;40;40,96,576
2968,q7_edges_304.jsonl.part1,2969,d08a97fed47c2cde86c14998fdf909decc1d4cf873ba318439be81d84f5ed441,44;44;42;42;44;44;44,44;44;44;44;44;42;42,96,576
3017,q7_edges_304.jsonl.part1,3018,65cc666705d0d19277c5b3d57134bfc2263162763e2ebf1452be6684b3bf5c35,40;46;42;46;42;42;46,46;46;46;42;42;42;40,96,576
3030,q7_edges_304.jsonl.part1,3031,3b97bb3f341220393a3b635272081eced6ed1334f75ad87420f7d6dfebb32d43,42;46;42;46;46;42;40,46;46;46;42;42;42;40,96,576
3087,q7_edges_304.jsonl.part1,3088,51f34ab9b48ea600218e0a9144f41eefea75da1083b422a0b55b15e15df0a445,40;40;48;48;40;48;40,48;48;48;40;40;40;40,96,576
3139,q7_edges_304.jsonl.part1,3140,9985fa4389b4b98f0194f2ee1c9938e39f5d681eba53a5a1b2bbb9cc3314c0e5,44;44;42;44;44;44;42,44;44;44;44;44;42;42,96,576
3169,q7_edges_304.jsonl.part1,3170,7afa6c8b97a59baf288f5dc9bc1093ccd795bdfbc282d2b75fadb9d80bd431b7,40;46;42;42;42;46;46,46;46;46;42;42;42;40,96,576
3229,q7_edges_304.jsonl.part1,3230,d95b3c3f976cf63e03c4df88e16455a8f42604bb0058941fd4b562171150f05e,44;44;44;44;44;40;44,44;44;44;44;44;44;40,96,576
3274,q7_edges_304.jsonl.part1,3275,f503f4da86926b0dbfd4f42be1540a71ceeb1c3f5e501b71236ef4182f306416,48;40;48;48;40;40;40,48;48;48;40;40;40;40,96,576
3363,q7_edges_304.jsonl.part1,3364,81509e726fc1d72d1d2ab9f02c62af34bb3b90fd31526f4ebac3a26a5c8ebebd,40;40;48;40;48;48;40,48;48;48;40;40;40;40,96,576
3495,q7_edges_304.jsonl.part1,3496,64d150c29456619cfb75850a96e783a74f88e5518e15cad09ecb3a441f9a15bb,42;42;42;46;40;46;46,46;46;46;42;42;42;40,96,576
3571,q7_edges_304.jsonl.part1,3572,6bc50bb8cef81179aea2cd3ed2d459cfceba0066c438c774d2490fe5f950394c,44;44;44;40;44;44;44,44;44;44;44;44;44;40,96,576
3582,q7_edges_304.jsonl.part1,3583,6716be50125a021b2083b25556f2effb95fab043ec943666765bc05d8d114d15,42;46;46;42;46;40;42,46;46;46;42;42;42;40,96,576
3591,q7_edges_304.jsonl.part1,3592,670fbbc1b8c1b4f01da637bf05c08aaebf85cc0bc479bade8d4d256b6964c40a,46;46;42;42;40;42;46,46;46;46;42;42;42;40,96,576
3751,q7_edges_304.jsonl.part1,3752,db10a3c6aad809370bc267ae138a6a6c991fa07215879a71450c1442ccacc81a,46;42;42;42;46;46;40,46;46;46;42;42;42;40,96,576
3876,q7_edges_304.jsonl.part1,3877,94d24b560a8fa0be479400de1c1ee7bc60484b532d3970b74a8e7ac448f76f60,42;40;42;46;46;42;46,46;46;46;42;42;42;40,96,576
3882,q7_edges_304.jsonl.part1,3883,9afee714ff5a250c0fc352a68aa8775b8f18e7b9f807afe7b010bcd43274c6d6,44;44;44;44;44;40;44,44;44;44;44;44;44;40,96,576
3993,q7_edges_304.jsonl.part1,3994,4d2cb239c31464c5e7c701b7f9e4770929431835c5468e043d6b364eefd46ba1,44;44;44;44;40;44;44,44;44;44;44;44;44;40,96,576
4035,q7_edges_304.jsonl.part1,4036,6e1e044c61583514ec0d27fd7f870c231d670d7f09c4ae9f74064d8892fa2126,40;48;48;40;40;48;40,48;48;48;40;40;40;40,96,576
4036,q7_edges_304.jsonl.part1,4037,b7e2a5dbf117c3f177f5cf75c7f33fdac5429dce8323d6e99cae427a9c48f7e6,40;48;40;48;40;48;40,48;48;48;40;40;40;40,96,576
4068,q7_edges_304.jsonl.part1,4069,4868c004c666174471e94d34d7d3f165ae5b836e0747308c07bfa6d52ec5e453,44;44;40;44;44;44;44,44;44;44;44;44;44;40,96,576
4158,q7_edges_304.jsonl.part1,4159,24949c7a9523dc359c6188b85ca8cfe566e502ae0e17217e7716d779a3821e0e,40;40;40;48;48;40;48,48;48;48;40;40;40;40,96,576
4188,q7_edges_304.jsonl.part1,4189,5ed2ee6bc75fcb4284e8e2404ad0eb56106ef0c3e1817a357ecc362cd899b7b2,42;46;42;46;42;40;46,46;46;46;42;42;42;40,96,576
4313,q7_edges_304.jsonl.part1,4314,e9827102fc5ffa01477e50dffe9b317e5c8f556cff3e0c453bf0a4bca56c89eb,48;40;40;48;40;48;40,48;48;48;40;40;40;40,96,576
4354,q7_edges_304.jsonl.part1,4355,d53efbcf89a0153de8a395aed19daf8334e64ff832d820e639bdaf3337ed7b0a,44;42;42;44;44;44;44,44;44;44;44;44;42;42,96,576
4401,q7_edges_304.jsonl.part1,4402,de141e815fe58bb20e7cc02af02b1bac31f7e1f8d89f611e98a4c680b78bfdf6,40;40;40;40;48;48;48,48;48;48;40;40;40;40,96,576
4431,q7_edges_304.jsonl.part1,4432,bd44cdb8100d33db6d363bbb7bf4c86e8c8c85d71baab3bc3cab713aabf83483,42;42;46;42;46;40;46,46;46;46;42;42;42;40,96,576
4471,q7_edges_304.jsonl.part1,4472,95e2953a6fc74db1a532152abc364245ffb503b747c46393a107e0c433c2bc13,44;40;44;44;44;44;44,44;44;44;44;44;44;40,96,576
4478,q7_edges_304.jsonl.part1,4479,26fdc9a83d046f6869c729a289948e3d42b829e62fbf06ed60038ef2a0740089,42;46;46;46;40;42;42,46;46;46;42;42;42;40,96,576
4569,q7_edges_304.jsonl.part1,4570,307612bb7a149ffde0ad8881fa79cbc9f8fc667759cab10bad797ec817af0354,44;44;44;42;44;44;42,44;44;44;44;44;42;42,96,576
4578,q7_edges_304.jsonl.part1,4579,6203556bed564aac56bdc3ad2500ea2a58e41088966db6fcb8a8491c29f8d9c6,42;46;46;46;40;42;42,46;46;46;42;42;42;40,96,576
4611,q7_edges_304.jsonl.part1,4612,70ed5768ffa3cc918c3f6ed13da4e7766d2c9651fe63d217a7f29455d9c7a079,44;44;44;44;44;44;40,44;44;44;44;44;44;40,96,576
4615,q7_edges_304.jsonl.part1,4616,f32557c0d24a886fd1c65e9f571d117ee6674eb991f7b5d964b8c2e0d75da92a,40;48;48;48;40;40;40,48;48;48;40;40;40;40,96,576
4632,q7_edges_304.jsonl.part1,4633,adf7ab1d684dffbb5b1aad697f4be9423eaf60ed38f398cb2e911e32e2aaee4a,48;48;40;40;40;40;48,48;48;48;40;40;40;40,96,576
4634,q7_edges_304.jsonl.part1,4635,527f72a4f1caaee581fa447152dade98afb90e5b0057c9c76a997c26f49880d7,44;42;44;44;44;44;42,44;44;44;44;44;42;42,96,576
4669,q7_edges_304.jsonl.part1,4670,0314e6c4ebba3a50b6cf1c863161689a29bac458ea36b9f9b988b646460f0fcb,44;44;44;44;42;44;42,44;44;44;44;44;42;42,96,576
4727,q7_edges_304.jsonl.part1,4728,d9a8651b61ab479c45cea030557002c53add6070129d623294c9608cc9ec6a6c,44;44;44;44;44;40;44,44;44;44;44;44;44;40,96,576
4732,q7_edges_304.jsonl.part1,4733,1dd197493a3d2e5f2c3af6229608cc91c0a50fbda9868827b85ae92a7cae99e6,44;44;44;44;42;42;44,44;44;44;44;44;42;42,96,576
4779,q7_edges_304.jsonl.part1,4780,2e40adac2052e3ef6377ff8f702824a49e3aa4516d489278ce9c26e218bd49e6,42;46;40;46;42;42;46,46;46;46;42;42;42;40,96,576
4858,q7_edges_304.jsonl.part1,4859,2dd4e763144bc6cf6822cd3c75b0528558ccda9cf531a0e008e29c0cbb182591,44;44;44;44;44;40;44,44;44;44;44;44;44;40,96,576
5014,q7_edges_304.jsonl.part1,5015,fa93a606774739d0e528d412f06588eedccd02b0a583fcdfcb9236fe9bd8e9c7,44;44;44;40;44;44;44,44;44;44;44;44;44;40,96,576
5021,q7_edges_304.jsonl.part1,5022,9324425d858459f8afd089bef06c2a7fdd48187baf7e4ebe9e7bf6de58682f96,40;48;40;40;48;40;48,48;48;48;40;40;40;40,96,576
5173,q7_edges_304.jsonl.part1,5174,606c4be6e401f249c79a760d49c129dab093495433f5b3b08689f379a44cb18e,40;40;48;48;40;48;40,48;48;48;40;40;40;40,96,576
5202,q7_edges_304.jsonl.part1,5203,e9d4ee6e6238ad29686005fcc5175edb2e94ccef9fa6660dccd9dfcdffa6acc3,42;42;40;46;42;46;46,46;46;46;42;42;42;40,96,576
5204,q7_edges_304.jsonl.part1,5205,17d7c707af66bc8419e164bc1f75919b613f21a37af8c2466d9116ef5e29add6,40;40;48;40;40;48;48,48;48;48;40;40;40;40,96,576
5215,q7_edges_304.jsonl.part1,5216,acc6816876be09ae5b686ff948d5630a30afa1e3c969cd6f00c21efe7aef2a93,42;46;46;42;42;40;46,46;46;46;42;42;42;40,96,576
5234,q7_edges_304.jsonl.part1,5235,d7d35dea3c7b748096b25bc69d009becc3b599c3897d70085d4749050ff34014,44;44;44;44;40;44;44,44;44;44;44;44;44;40,96,576
5572,q7_edges_304.jsonl.part1,5573,f425d6751a3ff7ef735a665e7378f3f83e99f101e56c78b6016fd3b9cccb2fc9,42;44;44;44;44;42;44,44;44;44;44;44;42;42,96,576
5579,q7_edges_304.jsonl.part1,5580,ffe7c18122b83286d56143eb6ad8ebc0efee29983654633a208e7b8385bee3d4,48;40;48;40;40;40;48,48;48;48;40;40;40;40,96,576
5665,q7_edges_304.jsonl.part1,5666,a7c299fbdc5dcf3560e05e3049251941bdbd22833e7c3ce65497e2f73ff041ac,46;42;42;46;46;40;42,46;46;46;42;42;42;40,96,576
5679,q7_edges_304.jsonl.part1,5680,af840577562f1bcf472709139206e29e136dbe92e96c2f49e64e94d83fd26f06,48;48;40;40;40;40;48,48;48;48;40;40;40;40,96,576
5693,q7_edges_304.jsonl.part1,5694,ae39bb1f9a3083cd6f78f6118346432aaddeb726c48c4667f007b0f911c2c4b5,42;44;44;44;44;42;44,44;44;44;44;44;42;42,96,576
5819,q7_edges_304.jsonl.part1,5820,cfdc36d7ff49f0e8e38a0fd203d621e1eb40b578e9fc70d71fa522d1fd359087,46;40;46;42;42;42;46,46;46;46;42;42;42;40,96,576
5901,q7_edges_304.jsonl.part1,5902,014c822f91da19f2118a2baed71baaa9d7d9574f23f936405a8276ffa3930e75,44;44;42;42;44;44;44,44;44;44;44;44;42;42,96,576
5929,q7_edges_304.jsonl.part1,5930,810ce09df0f49ba7fc25ddaa409ecac6456c579eefe0523aa3bd40c17f10a334,46;42;46;40;42;46;42,46;46;46;42;42;42;40,96,576
5944,q7_edges_304.jsonl.part1,5945,52e3f4013ba572641ee7a494d47b3523bb9430cb2a42b66512f54c747bd46e2c,44;44;40;44;44;44;44,44;44;44;44;44;44;40,96,576
6071,q7_edges_304.jsonl.part1,6072,7b658ed85f60761414885e15662c7910a4b0f810130b5ad4ed74762bd7991743,44;42;44;44;44;44;42,44;44;44;44;44;42;42,96,576
6144,q7_edges_304.jsonl.part1,6145,1950f38ccf90b6e2540146361bf01a1dbc841cb6656d2273ceccb7ced023f609,48;40;40;48;40;40;48,48;48;48;40;40;40;40,96,576
6171,q7_edges_304.jsonl.part1,6172,f62abec67d72c9525ee10715c7666412584653429f206819016a02837afcb736,46;46;42;40;42;42;46,46;46;46;42;42;42;40,96,576
6211,q7_edges_304.jsonl.part1,6212,750ab7eb75cd5a0d6a9dd087de57ce718ff0b251926b2d08ae5f8593e07e8f68,42;46;42;46;40;42;46,46;46;46;42;42;42;40,96,576
6255,q7_edges_304.jsonl.part1,6256,db4d28c77b72de15476cb4cbfc22dfc40f3de18f83d285146b00fdd9b8e58546,44;44;44;44;40;44;44,44;44;44;44;44;44;40,96,576
6308,q7_edges_304.jsonl.part1,6309,5d29cee973866e263eb804a056fcc77ed0be8f933d8dc8822483c86541f3fb96,42;46;46;42;40;42;46,46;46;46;42;42;42;40,96,576
6509,q7_edges_304.jsonl.part1,6510,38c3f8c871ea83bd6dbe267ec5f3c996727a5b5bc5aeacb07819548bf092e960,40;44;44;44;44;44;44,44;44;44;44;44;44;40,96,576
6607,q7_edges_304.jsonl.part1,6608,36e1773355ebd14a7a5f3588185fd51df8f21bce4bf394c7edec0aafb4998e33,44;44;42;42;44;44;44,44;44;44;44;44;42;42,96,576
6701,q7_edges_304.jsonl.part2,80,0f343e2a64277616fbec31a185fbbff4194c2194f1df079af1c27607fe3a372e,44;44;42;44;44;44;42,44;44;44;44;44;42;42,96,576
6762,q7_edges_304.jsonl.part2,141,2ea815ab08a6cebed63277234bbd9a597173cb70281ad1815d49f4c5b9f4d37c,40;46;46;46;42;42;42,46;46;46;42;42;42;40,96,576
6805,q7_edges_304.jsonl.part2,184,197062c782538e00554dd36d66ebc993338c6f42cdb49c83555e3011e08b9ca8,44;40;44;44;44;44;44,44;44;44;44;44;44;40,96,576
6979,q7_edges_304.jsonl.part2,358,6e60150d83518a8fe8bfee71913d0c35c19c95da2b15350c343559e1ec844897,44;44;42;42;44;44;44,44;44;44;44;44;42;42,96,576
7016,q7_edges_304.jsonl.part2,395,bd9b71f9e7e3245cc4aa0f8202e159d5a7bb47770056bb1208545ae2ac455c76,48;40;40;40;40;48;48,48;48;48;40;40;40;40,96,576
7149,q7_edges_304.jsonl.part2,528,cbdf1ae1d707f4d9aa90b092c43da5cfab5377286748f06a656ca0a6ac3b5a93,42;44;44;44;44;42;44,44;44;44;44;44;42;42,96,576
7160,q7_edges_304.jsonl.part2,539,ecb3b4728614461f6ef8a8f98dd69b20d67e637a0ec1d77ee81e9095e6c3f22a,44;44;44;44;44;44;40,44;44;44;44;44;44;40,96,576
7279,q7_edges_304.jsonl.part2,658,76d395543a5631c01e64e9ed768a6382fc94b8629060123da5b9fd2de9e5255b,44;44;40;44;44;44;44,44;44;44;44;44;44;40,96,576
7424,q7_edges_304.jsonl.part2,803,42adf384b5aa5c87f15cc026dc2747f653a6e538116909b86414fef477c7fc8f,42;44;44;44;44;44;42,44;44;44;44;44;42;42,96,576
7432,q7_edges_304.jsonl.part2,811,4e447fbcdaa81d5f13dbeef92258e648e6e14a6ce5b10910fceae086e3b93040,44;42;42;44;44;44;44,44;44;44;44;44;42;42,96,576
7455,q7_edges_304.jsonl.part2,834,979d260053bc73e1a9453748261fbc85f95f2e3662b77c3609a2e8310b64d4ea,46;42;40;42;46;42;46,46;46;46;42;42;42;40,96,576
7596,q7_edges_304.jsonl.part2,975,1f5ee5e186e890e10f196349beff8ac090e92adf396b675c07c9041e3542dc6c,44;44;44;44;42;44;42,44;44;44;44;44;42;42,96,576
7769,q7_edges_304.jsonl.part2,1148,1dabffa9210b4bb73e702aade2c2e58ab9b2614461deb7a8f827e23358d6ec5d,48;40;40;40;40;48;48,48;48;48;40;40;40;40,96,576
7834,q7_edges_304.jsonl.part2,1213,f5e171fcc65017aa43b2316de6ce5e8cc128e9a87def37e868f808cebe23023d,44;44;44;44;44;44;40,44;44;44;44;44;44;40,96,576
7893,q7_edges_304.jsonl.part2,1272,b556807ca48b7d4efdab669667feb01935ccb9c7238eedd4e19bd973707952e2,40;44;44;44;44;44;44,44;44;44;44;44;44;40,96,576
7947,q7_edges_304.jsonl.part2,1326,46802b9f9dca8a3e1fef84eb65a3b7bd6689fe49b02a8080e527c8f2226fef72,42;44;44;42;44;44;44,44;44;44;44;44;42;42,96,576
8078,q7_edges_304.jsonl.part2,1457,17a678fc94242c46e274789f8cbe369661f529f291cffdadb793c896ea13a115,44;42;42;44;44;44;44,44;44;44;44;44;42;42,96,576
8137,q7_edges_304.jsonl.part2,1516,b20364ad71e8bad75705e1fab6726a5a0206b3a303fb5adc75113961f65d97fb,42;44;44;42;44;44;44,44;44;44;44;44;42;42,96,576
8211,q7_edges_304.jsonl.part2,1590,5cb6920b27e0c51799a855681834fec11d2e452df920ae9e36da232894f57f9e,44;44;44;44;44;44;40,44;44;44;44;44;44;40,96,576
8286,q7_edges_304.jsonl.part2,1665,d8200d1428e281a7b942e052efdef51150a6db0e6992e7f02af5100af8a9789e,44;44;44;40;44;44;44,44;44;44;44;44;44;40,96,576
8318,q7_edges_304.jsonl.part2,1697,1832a01aadad744c772b3bff64f4ed4c27bf20fd2264cc4641bc628c68b96814,44;44;40;44;44;44;44,44;44;44;44;44;44;40,96,576
8335,q7_edges_304.jsonl.part2,1714,94fa45b53fc3767412b5bc6e2c9d62a213d4f743093f0c91961a7a76253138c8,42;40;42;42;46;46;46,46;46;46;42;42;42;40,96,576
8378,q7_edges_304.jsonl.part2,1757,a2e50f7eb3c52f26a1c2bcfbcdc1dccea85ebf7baface41f40e9ef9e39adbb3e,44;40;44;44;44;44;44,44;44;44;44;44;44;40,96,576
8383,q7_edges_304.jsonl.part2,1762,83c521c1df13d3f6f5c1f7e70bc0ad7ca0581947a6898212f47a87344b358c78,44;44;44;44;44;44;40,44;44;44;44;44;44;40,96,576
8394,q7_edges_304.jsonl.part2,1773,01638f0a79a4c0804f3162b1230ca38876f36bac49c213028dd1b67b273455fe,42;44;44;44;44;42;44,44;44;44;44;44;42;42,96,576
8459,q7_edges_304.jsonl.part2,1838,da3ef4137884463eaf5c76be6fe610f748b5669774dce37956b9d60060c0c765,42;44;42;44;44;44;44,44;44;44;44;44;42;42,96,576
8544,q7_edges_304.jsonl.part2,1923,1e20223f4615f01b576381f785ec992e243d61849ecd0eb3748d8827fe9e2d43,42;40;42;46;46;46;42,46;46;46;42;42;42;40,96,576
8547,q7_edges_304.jsonl.part2,1926,a5a8f89cecfb2b979a4f132c06f1ddf13831b850d155b3ff9d97fed8d51fe2c6,48;48;40;48;40;40;40,48;48;48;40;40;40;40,96,576
8556,q7_edges_304.jsonl.part2,1935,095e0089b590e8e6086bff51bad0a3b9a79e5e46c6f1324517e440cd07d7a32d,40;48;40;48;40;48;40,48;48;48;40;40;40;40,96,576
8574,q7_edges_304.jsonl.part2,1953,0afe9710ccb787727a58be319b4f86f3b4f3527eb3657f29be7b3054f8094a60,44;44;40;44;44;44;44,44;44;44;44;44;44;40,96,576
8580,q7_edges_304.jsonl.part2,1959,3560f5c8b15df452c15652fd51f7ff47a721760c13add390bfa975e7935da920,44;44;42;44;44;42;44,44;44;44;44;44;42;42,96,576
8905,q7_edges_304.jsonl.part2,2284,da5898cdb42e0e7f93836fb25165dbc958b6ede573dafa596f7a96d2e2bd02a9,44;44;40;44;44;44;44,44;44;44;44;44;44;40,96,576
8912,q7_edges_304.jsonl.part2,2291,f2706c3d5805bdf7a5064d5befcc80e7ed1d20c4e00f03928d3249dd6f49a115,48;40;48;40;40;40;48,48;48;48;40;40;40;40,96,576
8941,q7_edges_304.jsonl.part2,2320,efb74ef1a2e6e4320b411befa815a9fb89c50ad2f90914b0f81e855a7a36516e,44;44;44;44;44;44;40,44;44;44;44;44;44;40,96,576
8961,q7_edges_304.jsonl.part2,2340,dd83e58b9667cee60d1f2a737673da83acb8ff7152651098181407a84e1f6328,44;44;44;40;44;44;44,44;44;44;44;44;44;40,96,576
9008,q7_edges_304.jsonl.part2,2387,3b7a5a537e2fcc7b018dab7765cf687448dfdd04a6a567bfdbfbb9e5ce5b6caa,40;48;48;48;40;40;40,48;48;48;40;40;40;40,96,576
9059,q7_edges_304.jsonl.part2,2438,5679a5a65c29080adb8223458427663948d00b6e743aaca1fe258be82b23e7a5,42;46;46;46;42;42;40,46;46;46;42;42;42;40,96,576
9142,q7_edges_304.jsonl.part2,2521,c91110f14742e0ce5bb708b650d458019cd823c65e947189d31f2eff38e7918d,40;42;46;42;42;46;46,46;46;46;42;42;42;40,96,576
9197,q7_edges_304.jsonl.part2,2576,104ffd578f395bb15b193c98b195140c2a7fc599bf6a6e02d12e6e5617d4d570,42;46;42;46;46;42;40,46;46;46;42;42;42;40,96,576
9214,q7_edges_304.jsonl.part2,2593,28e56ebd5945efed0cab4c4c08e55dd581236af66c48f811ac4ecd812c02877c,44;44;44;44;44;40;44,44;44;44;44;44;44;40,96,576
9218,q7_edges_304.jsonl.part2,2597,8df4e55464b24970749a5c600a8d55f7c6a2b303e240e05e16a53e89e6a78c6b,44;40;44;44;44;44;44,44;44;44;44;44;44;40,96,576
9256,q7_edges_304.jsonl.part2,2635,01d0eac7b823f115c4d70ea667fd0d85955fdbfe5540862c660e1e19d5319095,40;40;48;48;40;40;48,48;48;48;40;40;40;40,96,576
9295,q7_edges_304.jsonl.part2,2674,f106c9e303335493062403babb768ce3e23ef2af10977ab277408f3b3f8e6dc4,44;44;40;44;44;44;44,44;44;44;44;44;44;40,96,576
9312,q7_edges_304.jsonl.part2,2691,3214fee1e3f2b21621b83c67fbd0d75de04107d9a0643b39781b95d3dd237864,40;42;46;42;42;46;46,46;46;46;42;42;42;40,96,576
9316,q7_edges_304.jsonl.part2,2695,6cabffd8772c65705c8c192ecc88231b39a634098a36fc2d03dc7d03d525cde0,44;40;44;44;44;44;44,44;44;44;44;44;44;40,96,576
9344,q7_edges_304.jsonl.part2,2723,fdb7dbebe7cfc939cdb428d7315102bc281f09198e95efb263cbe5d4bd478494,44;44;42;42;44;44;44,44;44;44;44;44;42;42,96,576
9367,q7_edges_304.jsonl.part2,2746,273e4ad62e4658a2640d56614076de6838e0f7fb9516eb09b4dc1240158f5209,42;44;44;44;44;44;42,44;44;44;44;44;42;42,96,576
9518,q7_edges_304.jsonl.part2,2897,d80df8efd32cbc9d5c24218b71938dfcd0b02661b5f912c403d479bb2e89fb63,46;42;46;40;46;42;42,46;46;46;42;42;42;40,96,576
9525,q7_edges_304.jsonl.part2,2904,dc5df00aa0df8657d24df8edac5d58c9a12ece1e48f4468faa262cad01a91bab,44;44;44;40;44;44;44,44;44;44;44;44;44;40,96,576
9532,q7_edges_304.jsonl.part2,2911,d4ba83f04d7b7942ad1f3244be3aed7b0c37cdc7c0e925dde022f843f945d5b7,44;42;42;44;44;44;44,44;44;44;44;44;42;42,96,576
9537,q7_edges_304.jsonl.part2,2916,1907414a1c75a418c2fc7d4acc820645f8e30ab28637bb74cd91576a5358ba40,44;44;44;40;44;44;44,44;44;44;44;44;44;40,96,576
9544,q7_edges_304.jsonl.part2,2923,663271a7e348ea457497c102857c860f0bd392319b083585918a1ab07270ec42,48;40;48;40;40;48;40,48;48;48;40;40;40;40,96,576
9584,q7_edges_304.jsonl.part2,2963,b0b49bf15fe72d8e29bb65df5a56d9cf14bd3724b40fd820d72ad50f78185adc,40;48;48;48;40;40;40,48;48;48;40;40;40;40,96,576
9617,q7_edges_304.jsonl.part2,2996,6b5c8a89879b6577531bb919d75a6a4af79991ffd3d34f317d72f247a5141c22,48;40;40;48;40;40;48,48;48;48;40;40;40;40,96,576
9667,q7_edges_304.jsonl.part2,3046,a81736b3bc3f79d86a33857bf847e5fb82a820e7cb57598e5894e4a66389a391,48;40;48;40;48;40;40,48;48;48;40;40;40;40,96,576
9678,q7_edges_304.jsonl.part2,3057,9c5aa64feaf30cedc46a92601bafe9300e718b957d614c32a16609bf8dfa46ba,42;46;42;40;46;46;42,46;46;46;42;42;42;40,96,576
9766,q7_edges_304.jsonl.part2,3145,994cfa5615ae8196446ea45313cd966d1088c68b5ab434a09da70f8ab7083738,44;42;44;44;42;44;44,44;44;44;44;44;42;42,96,576
9837,q7_edges_304.jsonl.part2,3216,e89fd48e49128df821144d73031e59d6f2393a8282537315312c7efbd65dc3dd,44;44;44;44;44;40;44,44;44;44;44;44;44;40,96,576
9886,q7_edges_304.jsonl.part2,3265,7e7476cde8f5f8b482fb612f4f914c672fd93fb11b4175910e171fff3a5088a3,44;44;44;44;44;44;40,44;44;44;44;44;44;40,96,576
10074,q7_edges_304.jsonl.part2,3453,c9a9b57224d50c58cdfcbce7f1542defa5f356ae2e9b1d01829ebfe9c23411bc,44;44;44;44;42;42;44,44;44;44;44;44;42;42,96,576
10093,q7_edges_304.jsonl.part2,3472,f213f1ffc9f226ac32a90cf50ac7df18b88d7bfaf1fe7b45f2094fb76dc42330,40;48;40;40;48;40;48,48;48;48;40;40;40;40,96,576
10143,q7_edges_304.jsonl.part2,3522,48927803d9b4f472bd01c49f50f7983f9783851a60ec54b8f9b72fed8f97c068,40;40;48;48;48;40;40,48;48;48;40;40;40;40,96,576
10150,q7_edges_304.jsonl.part2,3529,f2e48e2adce282506471a742c297f1d4969ef1b8d7bc5a92c6a8fb36284ee3c8,40;40;40;48;48;40;48,48;48;48;40;40;40;40,96,576
10303,q7_edges_304.jsonl.part2,3682,471949bda64809119645890d8ba2be200a0a40a0acbbc73172dc77356f760c23,44;44;44;44;40;44;44,44;44;44;44;44;44;40,96,576
10330,q7_edges_304.jsonl.part2,3709,8f4d0b2e2ed017d56989cab039dd5467e8c108290e65ac71b55a3da078d0abb4,44;40;44;44;44;44;44,44;44;44;44;44;44;40,96,576
10340,q7_edges_304.jsonl.part2,3719,6beb927f182c1d44ddf512e84aad071b02b08d73f865e8f7d63f960ed6cab32a,42;44;44;44;44;42;44,44;44;44;44;44;42;42,96,576
10392,q7_edges_304.jsonl.part2,3771,04cfbcd37960ab7ac7ab544bfdb7dc1c2d49edc9a50c410f78c366e21675ef0b,40;48;40;40;48;48;40,48;48;48;40;40;40;40,96,576
10397,q7_edges_304.jsonl.part2,3776,8a55346605da08e405661f50a3dcd99528d53d5ed9bf0fc0b4990c384d146f6b,44;40;44;44;44;44;44,44;44;44;44;44;44;40,96,576
10422,q7_edges_304.jsonl.part2,3801,332c7742b19339bdc33abbf766cc9f08e0dd3534a5c7f57bfcc27c664cd06cba,44;44;44;42;42;44;44,44;44;44;44;44;42;42,96,576
10500,q7_edges_304.jsonl.part2,3879,a820d198788c7fcb2205129e3b1daa53b28a82416d2ec70bf8a5a2783ef1a686,44;40;44;44;44;44;44,44;44;44;44;44;44;40,96,576
10534,q7_edges_304.jsonl.part2,3913,f4ea0f33644c42c3eb7d445356723a9c9b571b50f7f5dd4967b7bce3dc23135e,44;44;44;42;44;42;44,44;44;44;44;44;42;42,96,576
10568,q7_edges_304.jsonl.part2,3947,bbd06b3f2943d7644b08bd3bf540ef7015dc352abd12715192a2ce7c114f5de9,42;46;46;42;40;42;46,46;46;46;42;42;42;40,96,576
10626,q7_edges_304.jsonl.part2,4005,fddf4326514c6f2c9a248db65a64c7829cfadebd3825a8ead8900c71d8c59e21,40;44;44;44;44;44;44,44;44;44;44;44;44;40,96,576
10717,q7_edges_304.jsonl.part2,4096,573c88507a97f79bb3fc274eee6815903e89cd46abb76679d940ed403ac3dbf6,46;42;42;46;40;42;46,46;46;46;42;42;42;40,96,576
10726,q7_edges_304.jsonl.part2,4105,0fc7ff9602e580fd7d1276178e6daba02c17849409358219f1b9463059926a2e,44;44;44;44;40;44;44,44;44;44;44;44;44;40,96,576
10781,q7_edges_304.jsonl.part2,4160,35b1bfe64d3344d3010e6d1296c89c8bf5aa5bc7e43156653c106ae8da35ff17,40;44;44;44;44;44;44,44;44;44;44;44;44;40,96,576
10824,q7_edges_304.jsonl.part2,4203,411202b8281e8970de084e4d088a965ad1f92fef38d0845bb1932d19adc7b726,42;46;42;42;46;40;46,46;46;46;42;42;42;40,96,576
10829,q7_edges_304.jsonl.part2,4208,7f9f28e5d32f87cd5e161f750ce442166ecda76027163722a9982f8952a4e6d9,44;40;44;44;44;44;44,44;44;44;44;44;44;40,96,576
10910,q7_edges_304.jsonl.part2,4289,c3bcff06791f7fa72ffdac5adee2fd460affec44651b34dd3c3eb1718cb1b494,42;42;46;42;46;40;46,46;46;46;42;42;42;40,96,576
10964,q7_edges_304.jsonl.part2,4343,5902333bcfad35dcf60281441845190f6e927a7fefc200ce6d9e550f55d97930,46;46;42;46;42;42;40,46;46;46;42;42;42;40,96,576
10987,q7_edges_304.jsonl.part2,4366,c1678f1b1a8049307a5138d546eccec8fa728d40f5fbe5abf13a2c40c0bc29c6,42;44;44;42;44;44;44,44;44;44;44;44;42;42,96,576
11023,q7_edges_304.jsonl.part2,4402,e50edae856e8a7b1af6ab10b4206b1b6e9f03bb8bd8ed8d7743c331636a20668,44;44;44;40;44;44;44,44;44;44;44;44;44;40,96,576
11033,q7_edges_304.jsonl.part2,4412,aefd6e9727a4ab82cc45f3234865436038b1d87526204349aaf2940396bb00d6,44;44;40;44;44;44;44,44;44;44;44;44;44;40,96,576
11157,q7_edges_304.jsonl.part2,4536,76f57c40a5773a9c4d68aa36c27f28b7e1a05bab9584ddb02a5a7895326b2813,44;44;44;42;44;42;44,44;44;44;44;44;42;42,96,576
11235,q7_edges_304.jsonl.part2,4614,d5a3fc3ec9cccc4ba513faaa18ca35baf0031ba742201eec515229f7b9226de1,46;42;42;42;46;40;46,46;46;46;42;42;42;40,96,576
11245,q7_edges_304.jsonl.part2,4624,e620a32065918bd1139e69dcbb6934647388160bad211de94d8757bd2bec9e7e,48;40;48;40;40;48;40,48;48;48;40;40;40;40,96,576
11249,q7_edges_304.jsonl.part2,4628,e5f9ef02cc3f2fe61377059489e7c63bd92efe97c350c366906b84c77a1a2a08,44;44;44;44;44;44;40,44;44;44;44;44;44;40,96,576
11345,q7_edges_304.jsonl.part2,4724,a9fe58e13a73d602d9564b0b5f3fcdc37cc81350cb88a0627039867f3d432f81,44;44;44;44;42;44;42,44;44;44;44;44;42;42,96,576
11362,q7_edges_304.jsonl.part2,4741,3505db626215c97461a5c83c4d8b2d4bde7dcef53b7181061d8fbd96e42f2366,42;46;46;40;42;46;42,46;46;46;42;42;42;40,96,576
11439,q7_edges_304.jsonl.part2,4818,3c9470bfb70e782ef34d818138aa819f51d3772a2460c4d3709b7661086088a8,44;44;44;44;40;44;44,44;44;44;44;44;44;40,96,576
11470,q7_edges_304.jsonl.part2,4849,d187e8f1fe60c635cbcfb824aea49bda07729a137e3bfab6fed38d044e0585c5,44;44;40;44;44;44;44,44;44;44;44;44;44;40,96,576
11497,q7_edges_304.jsonl.part2,4876,078ae31be41c617c7c9f69f62f67a9cb84b5351feb3b2a620dfca32b3ef7dea0,40;42;46;46;42;46;42,46;46;46;42;42;42;40,96,576
11519,q7_edges_304.jsonl.part2,4898,d90b25fce2def8f3f335b664fb6081fc7d910661d5c19f1c8533d742ff885bc2,40;44;44;44;44;44;44,44;44;44;44;44;44;40,96,576
11591,q7_edges_304.jsonl.part2,4970,d2823c675aab6ef45be81329e5d64f738957fa8f9a698ce7d4d9a0cace31f881,44;40;44;44;44;44;44,44;44;44;44;44;44;40,96,576
11634,q7_edges_304.jsonl.part2,5013,5cb9f65c8925af39830ebd18440dd6874837e2eaf9b89b2b9d9b9a8e09fb7522,44;44;44;40;44;44;44,44;44;44;44;44;44;40,96,576
11678,q7_edges_304.jsonl.part2,5057,207d1a2eda6cf925807847ad00855557efb726e8661df71206379db7654278f6,46;42;42;40;42;46;46,46;46;46;42;42;42;40,96,576
11847,q7_edges_304.jsonl.part2,5226,ea39a5b6fdf3a86e7ad7de9aefd1a3e6bff70952028685febc90441bc053bd49,40;46;42;42;46;46;42,46;46;46;42;42;42;40,96,576
11896,q7_edges_304.jsonl.part2,5275,70347ff9ee4cba896f615699a89bcd0457e39b519130073757857ca8337bbf5c,44;42;44;44;44;44;42,44;44;44;44;44;42;42,96,576
11925,q7_edges_304.jsonl.part2,5304,fca5b78cb1fc2a794dbabaf25ea90ea52d8c4fd6d7e6c503d1e3c822ebafa905,40;48;40;48;48;40;40,48;48;48;40;40;40;40,96,576
11933,q7_edges_304.jsonl.part2,5312,bfe1895d375ab8dcdd436acba387da1b945ed87f77302b83ffc3f910bfa30195,44;44;42;44;44;42;44,44;44;44;44;44;42;42,96,576
11941,q7_edges_304.jsonl.part2,5320,20ca9000142f0e56134476eaf4bc4473dc3b52af7c501022b67b8c513252f0dd,44;40;44;44;44;44;44,44;44;44;44;44;44;40,96,576
11962,q7_edges_304.jsonl.part2,5341,b7e67fa20017aa3fc8e3ee0c13133eb9022bf415f5f0b12c07dadb7904094b4e,44;44;42;42;44;44;44,44;44;44;44;44;42;42,96,576
11964,q7_edges_304.jsonl.part2,5343,8c0b9b33df90d363dcfe04b691430a0a96230a1f85da8ffccd87d656485a1131,44;40;44;44;44;44;44,44;44;44;44;44;44;40,96,576
11969,q7_edges_304.jsonl.part2,5348,3804518e6fd0196b3d177270c375935a25721f7e2d37df3e6b014a4722186bb7,46;40;46;42;42;42;46,46;46;46;42;42;42;40,96,576
12078,q7_edges_304.jsonl.part2,5457,5b980d7c8229e36f20606b822d2189db4267d29211bb84dbd6b673d20f2415a6,44;44;44;44;44;44;40,44;44;44;44;44;44;40,96,576
12126,q7_edges_304.jsonl.part2,5505,2eb8cccc15fb021203356176192048b77f14f58f011e7141f2db43abd96c58ca,44;44;40;44;44;44;44,44;44;44;44;44;44;40,96,576
12152,q7_edges_304.jsonl.part2,5531,ffe94324845e2b738fca124587508abc0cb3186671d4b61fb4fd72b468f32722,48;40;48;48;40;40;40,48;48;48;40;40;40;40,96,576
12161,q7_edges_304.jsonl.part2,5540,bab5d34a1c4b09b9cb5e8822cc5a559c54223bcb3337e7d966a4c7b3ddc3d004,40;44;44;44;44;44;44,44;44;44;44;44;44;40,96,576
12200,q7_edges_304.jsonl.part2,5579,935030f3a81669c3a679f956b3a52589df0ac6d5a13c8852d967e17dbc161f06,48;40;48;40;40;48;40,48;48;48;40;40;40;40,96,576
12204,q7_edges_304.jsonl.part2,5583,500dcee7e58871dd2a7c6deb61bef4df58db36ebc35a55d7b71ad59683a4baa8,44;44;42;44;44;42;44,44;44;44;44;44;42;42,96,576
12207,q7_edges_304.jsonl.part2,5586,bc1511c6cc77d8eeb5071fa8077ba0b17f6f3e896b04e060fb6e99a06dc3abd1,44;44;44;42;42;44;44,44;44;44;44;44;42;42,96,576
12257,q7_edges_304.jsonl.part2,5636,b72f68a43a94146f1b9f02a144dedc09c52ea3ac0ac82b820f04503b1cb36672,46;42;42;40;46;46;42,46;46;46;42;42;42;40,96,576
12299,q7_edges_304.jsonl.part2,5678,2f3ebcb9f33ebcef2c7d0d5b5b96bd1995eaa2d4e1c167fb363218a483e42de6,42;42;46;46;42;40;46,46;46;46;42;42;42;40,96,576
12318,q7_edges_304.jsonl.part2,5697,e8c7c97550297de2832189ae855ae77079039fc62694b864c6f86d9b1373f4ca,40;48;40;48;40;48;40,48;48;48;40;40;40;40,96,576
12339,q7_edges_304.jsonl.part2,5718,7abaa2a7719d5310238f22cdce6c5e51e89d5a8aca06fbd7ac587d7e518eabd5,42;44;44;44;44;42;44,44;44;44;44;44;42;42,96,576
12353,q7_edges_304.jsonl.part2,5732,8cf24d182f37619ab69ed98bf974b537eae0c78c37bc181572a435f93e8fcb36,40;48;40;40;48;40;48,48;48;48;40;40;40;40,96,576
12361,q7_edges_304.jsonl.part2,5740,3e1dbb195539d45bc2fff6f58d0f0ec09326b58b84332f77734695265fdab264,40;40;48;40;48;40;48,48;48;48;40;40;40;40,96,576
12548,q7_edges_304.jsonl.part2,5927,b8eeb63edab861734bb7b581a4859a1c440880747f893a94f98b1c9cfd3de6cd,42;46;46;42;40;42;46,46;46;46;42;42;42;40,96,576
12561,q7_edges_304.jsonl.part2,5940,48942ddf370d9a6c4b447963a113ef8231cbdc5e16ea35979dc85413806f5f38,48;48;40;40;48;40;40,48;48;48;40;40;40;40,96,576
12653,q7_edges_304.jsonl.part2,6032,3a3927449a17b96c03bd9c4b50de28dea3cf3b4f31281d49cc62e45133e306cb,40;40;40;40;48;48;48,48;48;48;40;40;40;40,96,576
12679,q7_edges_304.jsonl.part2,6058,44782fd4876ceaac0cdef397937646be49c23d1877b9354f1304f5b7014ee5d9,46;42;46;42;40;46;42,46;46;46;42;42;42;40,96,576
12686,q7_edges_304.jsonl.part2,6065,9e26f53340317dc615c20a384317e35921e9b8feb8bfd6edbeb4e666be196e81,44;44;44;42;44;44;42,44;44;44;44;44;42;42,96,576
12804,q7_edges_304.jsonl.part2,6183,c71b74efe84369e59ecc63c57d90613cee7ca3bcc39e0d1ea5914a9dae7c0925,44;44;44;44;44;40;44,44;44;44;44;44;44;40,96,576
12821,q7_edges_304.jsonl.part2,6200,4941c6d0baabb48c1432df2a8cd948f570268f50cf3012eaa673cbbaa6882449,44;44;44;44;40;44;44,44;44;44;44;44;44;40,96,576
12850,q7_edges_304.jsonl.part2,6229,b48c24642dff657a44f393c13b6160e82b82cd2679dd15e2fa185367c44e223f,40;40;40;48;48;48;40,48;48;48;40;40;40;40,96,576
12986,q7_edges_304.jsonl.part2,6365,e403b975b7177099b9774002c38cf691e44c269fb868fdf72db8f225a294ac3f,44;44;44;44;44;40;44,44;44;44;44;44;44;40,96,576
13018,q7_edges_304.jsonl.part2,6397,4924616d302a8cd9dd23281a533129e4e418df950ff70e2b2832837d70450576,46;46;42;40;42;42;46,46;46;46;42;42;42;40,96,576
13033,q7_edges_304.jsonl.part2,6412,5c33c06ec27bb0fd4c93f2f81ff0bd95687872c7bfb93238f9c1f0086f6d7fcc,40;42;42;46;46;46;42,46;46;46;42;42;42;40,96,576
13041,q7_edges_304.jsonl.part2,6420,d88c9106fedddb99ecd16e5d7b3b031e8b914328f6de8eef2491aa14cdaed8cd,40;40;48;40;48;40;48,48;48;48;40;40;40;40,96,576
13059,q7_edges_304.jsonl.part2,6438,3a45e5caff0a1b2a5bc5a07829f72e8075874459de8e7632b94224d968d74c29,40;48;40;48;48;40;40,48;48;48;40;40;40;40,96,576
13060,q7_edges_304.jsonl.part2,6439,1d29363a7da4863509f1c32423417eecd4a3b895219915f0a8c7d081b68b77e3,40;40;48;40;40;48;48,48;48;48;40;40;40;40,96,576
13084,q7_edges_304.jsonl.part2,6463,77fcec3b57aa079f829b6a6859c6b406925cfb11754e23e5a5164530d1b47e33,44;44;44;44;44;40;44,44;44;44;44;44;44;40,96,576
13126,q7_edges_304.jsonl.part2,6505,50d47f86ede0a7bce3ac28b9504fcfa9dcf9cc9c3361580fa854777028df659e,48;48;40;40;48;40;40,48;48;48;40;40;40;40,96,576
13155,q7_edges_304.jsonl.part2,6534,903855aa3d6525753b441d7dfbc3cc51c7b0e22493e3fe27f876d4d19f23685a,44;44;40;44;44;44;44,44;44;44;44;44;44;40,96,576
13205,q7_edges_304.jsonl.part2,6584,87653e636d1482ae4952fce9bfa31b0f1aeaf1ce51de34631a282f5fd5079317,44;44;42;44;44;44;42,44;44;44;44;44;42;42,96,576
13220,q7_edges_304.jsonl.part2,6599,fb80ec2a3e0934f41ea8a080aae4e2379bbddfc451884673c27ad5869cad978e,44;42;44;44;42;44;44,44;44;44;44;44;42;42,96,576
13241,q7_edges_304.jsonl.part2,6620,6422847a7c1d0cf09c2c4e4940ab5ebae868da6025d84d2cb6ca4ff8236d652a,40;46;42;46;46;42;42,46;46;46;42;42;42;40,96,576
13310,q7_edges_304.jsonl.part3,67,f98c0e885586f550f75efa377ee2ab0e34e7ede7d08a13fa303b7254b0138931,48;40;40;48;48;40;40,48;48;48;40;40;40;40,96,576
13312,q7_edges_304.jsonl.part3,69,5646d8c8a0c58fcc95d9f7258864dbb981323556dd05d112cd2b97d1c3953014,48;40;40;40;40;48;48,48;48;48;40;40;40;40,96,576
13411,q7_edges_304.jsonl.part3,168,dfeecfe4127e7499cbe66bfd980f55f4f736b198b5983a7057c68677dbfb856d,44;44;44;44;44;44;40,44;44;44;44;44;44;40,96,576
13465,q7_edges_304.jsonl.part3,222,52fd526f01f61c577328092da618a0b2e21e8cca9c303a3dd0fa7ddfd85f9df2,44;44;44;44;40;44;44,44;44;44;44;44;44;40,96,576
13466,q7_edges_304.jsonl.part3,223,17ac95af478607766908e95008282ae55c013cb5a5b177509efd97de34039e7a,44;44;44;44;40;44;44,44;44;44;44;44;44;40,96,576
13484,q7_edges_304.jsonl.part3,241,36466c360f09e902774c19fa7e91165ef93023a208ba5d2097e84fc7df224bba,44;44;42;44;42;44;44,44;44;44;44;44;42;42,96,576
13517,q7_edges_304.jsonl.part3,274,480d85c0c7ede78ab4eaa1944e5e56b77b774b4a1ff98489ea7aacafdaa3b24b,46;40;46;46;42;42;42,46;46;46;42;42;42;40,96,576
13556,q7_edges_304.jsonl.part3,313,7924a56122008352898060bf3aefd572f6e60f4cb13da4d30fc48a1932adbef2,44;42;44;44;44;44;42,44;44;44;44;44;42;42,96,576
13558,q7_edges_304.jsonl.part3,315,1a9f307f699c4952dfd4f69b4f19f1a53dfdfe29bb86adbf970eeeeadf779742,48;40;40;48;48;40;40,48;48;48;40;40;40;40,96,576
13579,q7_edges_304.jsonl.part3,336,da2f370abbcaf26c4a549eefce4b24c789a5962657daa5165e7766e21a9f7d56,44;40;44;44;44;44;44,44;44;44;44;44;44;40,96,576
13611,q7_edges_304.jsonl.part3,368,787059df4e1e891721d3dd4035b3d1e30503a0bfd1962f0334b222dc49368af9,40;40;48;40;48;48;40,48;48;48;40;40;40;40,96,576
13624,q7_edges_304.jsonl.part3,381,0df1f066d23525577f7c1e63ed40e258dc61824d707504e2cda378b464a1c814,44;44;40;44;44;44;44,44;44;44;44;44;44;40,96,576
13651,q7_edges_304.jsonl.part3,408,07ee4faed52595709ebac07e9ebe3e39cba01f715458e29b558a8929b1ba349c,44;44;44;42;44;44;42,44;44;44;44;44;42;42,96,576
13670,q7_edges_304.jsonl.part3,427,9a954f6fcb7835276f9d85d7b96a1cf39ea706005b05e67d278637e574f01642,44;44;44;40;44;44;44,44;44;44;44;44;44;40,96,576
13678,q7_edges_304.jsonl.part3,435,08445c573ac0c291024b217019f344cd2c47b768d0ab25eec1bc2135c30c6f1f,44;44;42;44;44;42;44,44;44;44;44;44;42;42,96,576
13687,q7_edges_304.jsonl.part3,444,c68ef6243405a5979651aeac0d9d1696d5f2b818a3d5c3b19797229cb4b79e9b,42;42;46;46;42;46;40,46;46;46;42;42;42;40,96,576
13791,q7_edges_304.jsonl.part3,548,0ce28139607705032b3a074277bd2ca3d2653f68a3823a87b1c6fd254afb159a,48;40;40;48;40;40;48,48;48;48;40;40;40;40,96,576
13811,q7_edges_304.jsonl.part3,568,902ca88fdec4279fb71c5cc56c33ee843bfa4a50711920b580cfb20afb6fd390,46;42;46;42;40;42;46,46;46;46;42;42;42;40,96,576
13887,q7_edges_304.jsonl.part3,644,833b74ee4c92a75ad5cf6f9aa110af1d33dc7e5c272c3ac09e0a14f6bdd7966c,44;44;44;44;44;40;44,44;44;44;44;44;44;40,96,576
14072,q7_edges_304.jsonl.part3,829,6f43558b15272b957059cc592a375b100d7cf47f1e8f2e2184cf259c64026167,42;42;40;46;46;46;42,46;46;46;42;42;42;40,96,576
14119,q7_edges_304.jsonl.part3,876,c153c2e249028c81d9f16ad509b0fc78b020f815bd29cd443cb8c760220d0fb2,44;44;44;44;44;44;40,44;44;44;44;44;44;40,96,576
14277,q7_edges_304.jsonl.part3,1034,2cd654e93285530ab20d90a0930056022603e41ef3bfb99ceb8620136bc338b5,42;44;42;44;44;44;44,44;44;44;44;44;42;42,96,576
14287,q7_edges_304.jsonl.part3,1044,38e1550dec55a96bddc818e74f48eded5608b5737a7c3c55275d452d91f64f66,44;42;44;44;42;44;44,44;44;44;44;44;42;42,96,576
14454,q7_edges_304.jsonl.part3,1211,9c5f8e3c186524cd8169696250672b231f9048baf949a6157b79d6de64a1d59b,44;44;40;44;44;44;44,44;44;44;44;44;44;40,96,576
14471,q7_edges_304.jsonl.part3,1228,7d5cd3339e9b890533bb3e76fc4e9044e15ad8cf9d086fc6860416431af641c5,42;44;44;42;44;44;44,44;44;44;44;44;42;42,96,576
14504,q7_edges_304.jsonl.part3,1261,ed2bd070c62685fbb97bea1ddfe69939870581954fe685e3897c947d9fd5fafa,44;44;44;42;42;44;44,44;44;44;44;44;42;42,96,576
14556,q7_edges_304.jsonl.part3,1313,85a5756aa9eb37b873fc606dc63d21fccd6f98f10ef784af03197455819e7563,40;48;40;48;40;40;48,48;48;48;40;40;40;40,96,576
14600,q7_edges_304.jsonl.part3,1357,565600687dc40502daa1df2073c7a03e032051befe349d8a7c94dd43e8b4788c,44;44;44;44;44;44;40,44;44;44;44;44;44;40,96,576
14659,q7_edges_304.jsonl.part3,1416,60ba09337a1f23754418fe719e73f9ba9d22594409703c48b56f2670b227e723,44;44;44;44;42;42;44,44;44;44;44;44;42;42,96,576
14742,q7_edges_304.jsonl.part3,1499,08d38e2746334c3e1ee63fe4df284b5996dac679685528f204f7b2811c91b2d6,44;44;40;44;44;44;44,44;44;44;44;44;44;40,96,576
14778,q7_edges_304.jsonl.part3,1535,dfb276fc52a3f652d5afd6b209772bd7d0b1b6106fce1b36bdafc029afd96984,44;40;44;44;44;44;44,44;44;44;44;44;44;40,96,576
14830,q7_edges_304.jsonl.part3,1587,83cad10e9b40dbc0bf13f771671afb0932c989c38015a5eaf69a0b1e289a78d0,40;40;48;40;48;48;40,48;48;48;40;40;40;40,96,576
15002,q7_edges_304.jsonl.part3,1759,28cfd0a59f014707529d7f147cc07ed1f09924c46723561b5eab378fcd5bff1b,48;48;40;40;48;40;40,48;48;48;40;40;40;40,96,576
15015,q7_edges_304.jsonl.part3,1772,988ccc22a139130f84afccd6bf5d69d4dbfbcb9647fa88087577e1692482a8b8,40;48;40;40;40;48;48,48;48;48;40;40;40;40,96,576
15077,q7_edges_304.jsonl.part3,1834,85988bf3f0e2e822957473a058d862ac60b39383bcb3d9c5f00fc774614770a2,46;42;46;46;42;40;42,46;46;46;42;42;42;40,96,576
15194,q7_edges_304.jsonl.part3,1951,b9aeb9df4b483dc88fa3b5e0ca0d882cd289c8e80fa77c86708bb62d41acb71f,40;40;40;48;48;48;40,48;48;48;40;40;40;40,96,576
15445,q7_edges_304.jsonl.part3,2202,9f37b9f11569f4e52db1bd7339b763694f76ef82b0cae18fc45341f83e7e11e4,40;40;40;48;40;48;48,48;48;48;40;40;40;40,96,576
15468,q7_edges_304.jsonl.part3,2225,6c146d2b91b20a2de5ea5423ab922ca598d11847f7e45fda74baef65533f3a33,44;44;44;44;40;44;44,44;44;44;44;44;44;40,96,576
15615,q7_edges_304.jsonl.part3,2372,869c4d7c09f65b11e444f6b1f5763280ffe7ecde71d63c92010ad29ff125d7c0,44;44;44;44;40;44;44,44;44;44;44;44;44;40,96,576
15639,q7_edges_304.jsonl.part3,2396,75110bca50ef2cf299359662afbc8a31466bf5776b440e050f7f87f91fa66ce9,40;48;40;48;40;40;48,48;48;48;40;40;40;40,96,576
15645,q7_edges_304.jsonl.part3,2402,99981f21c29e0e69368b992cbe4f63cf29578933bb6f793aff4ae65d0de65f4d,48;40;48;48;40;40;40,48;48;48;40;40;40;40,96,576
15666,q7_edges_304.jsonl.part3,2423,85eb23cf0e1a042c63c83760da687f909f5668b5020375b8980a42277a2c3fcb,44;44;44;44;40;44;44,44;44;44;44;44;44;40,96,576
15668,q7_edges_304.jsonl.part3,2425,d8143aada9c120e6969b134a0d124bff18a698148dda0829e991ca435c905d66,40;48;40;40;40;48;48,48;48;48;40;40;40;40,96,576
15749,q7_edges_304.jsonl.part3,2506,480280b01a381df6fb72015dcae60fc4ecf693aa403830dc50fe71a464a4a9c0,40;40;40;48;48;40;48,48;48;48;40;40;40;40,96,576
15800,q7_edges_304.jsonl.part3,2557,23b3800b5d364fd577ebda9fa2d3300adf0d2afa4a93d15ad85a57b54a7459ac,44;44;44;44;40;44;44,44;44;44;44;44;44;40,96,576
15833,q7_edges_304.jsonl.part3,2590,084b5e1766cbfb307d1eecfc32508c81ac674a97d04d5834008a09275f1ebe00,48;48;40;40;48;40;40,48;48;48;40;40;40;40,96,576
15841,q7_edges_304.jsonl.part3,2598,16224e16bde598efa6152eb36688dada1d320aa63ee6eb8b74d8fd051832ebb9,42;42;46;42;46;46;40,46;46;46;42;42;42;40,96,576
15846,q7_edges_304.jsonl.part3,2603,adb9e87c782fced954f356ccdf1a34403e6aee0b825b0b5617fa821d21c9b48c,44;40;44;44;44;44;44,44;44;44;44;44;44;40,96,576
15873,q7_edges_304.jsonl.part3,2630,8e3b58bed9cde89dde201ab66ee7839f8f42f603d1ff8a688e5600c22ae93e20,44;44;44;44;40;44;44,44;44;44;44;44;44;40,96,576
15921,q7_edges_304.jsonl.part3,2678,c0c67f5c2785ff94633de7e6b7c6b15f0b229cc4c7f4b3352b3409df10643dc2,46;46;40;46;42;42;42,46;46;46;42;42;42;40,96,576
15954,q7_edges_304.jsonl.part3,2711,833bbbd717e8324d7a206d751648097915bdb10e4fbe41558c0d50d020223850,40;40;48;48;40;48;40,48;48;48;40;40;40;40,96,576
15971,q7_edges_304.jsonl.part3,2728,ddd131f0131bef0760fdcb472cfc6d12c82bc3d26a7521fffd45c39d35cbe523,44;44;44;42;44;44;42,44;44;44;44;44;42;42,96,576
15990,q7_edges_304.jsonl.part3,2747,653bd1b720d7991bf01633c35d17b000a3854c36c38cba94af44a50458ac2810,44;42;44;44;42;44;44,44;44;44;44;44;42;42,96,576
16014,q7_edges_304.jsonl.part3,2771,11c16587db784c5664041953c5d582048c2d5c772845d59f771c1edbc15d5e39,40;48;40;48;48;40;40,48;48;48;40;40;40;40,96,576
16071,q7_edges_304.jsonl.part3,2828,6396d176b0cb412378f97e2c97e879504263951a77c448f2425a4237970261b7,44;44;44;44;44;40;44,44;44;44;44;44;44;40,96,576
16138,q7_edges_304.jsonl.part3,2895,7619486f700998bb815c28d5ab8b3be264b9d3bee3fc7d50550f4c763bdefacc,44;40;44;44;44;44;44,44;44;44;44;44;44;40,96,576
16190,q7_edges_304.jsonl.part3,2947,e949c2c6201f8c59bdc2df20c5de1d246fc3e31580035e53276174dbefb71918,44;44;44;40;44;44;44,44;44;44;44;44;44;40,96,576
16209,q7_edges_304.jsonl.part3,2966,f6d4884c9338da467ff0b57cdb60d7fc2edfb57d6ef3107865963a6e211415f0,44;44;42;44;44;42;44,44;44;44;44;44;42;42,96,576
16290,q7_edges_304.jsonl.part3,3047,a0223a4484114dc615d788a4fb43ac8f5f51f07640e332681e306070953b803d,44;44;44;44;44;44;40,44;44;44;44;44;44;40,96,576
16291,q7_edges_304.jsonl.part3,3048,2fa92f0cc2cccd2022c15fe0cd9bc1c72b809f54f4d6b762cec058d1c42edd23,48;48;40;40;40;40;48,48;48;48;40;40;40;40,96,576
16371,q7_edges_304.jsonl.part3,3128,208fa5235ec231e1c146fd99c5f54bbb73849e8be81da047d00e90836b6a83a2,40;46;46;42;42;42;46,46;46;46;42;42;42;40,96,576
16411,q7_edges_304.jsonl.part3,3168,eb341d6aa2e5725c2f4fd252948c446c96f102a64a70abb9e98a412745ed38f2,40;44;44;44;44;44;44,44;44;44;44;44;44;40,96,576
16451,q7_edges_304.jsonl.part3,3208,81b4b3b6d9220ffc48cdb21e70632baa54ca1e32fd242a14f9426d03e347d4f0,40;44;44;44;44;44;44,44;44;44;44;44;44;40,96,576
16515,q7_edges_304.jsonl.part3,3272,729ec55d091cbf1ec3c070118e351a8b46a1d6aff7bc81c03e6cce997f5f3208,44;40;44;44;44;44;44,44;44;44;44;44;44;40,96,576
16556,q7_edges_304.jsonl.part3,3313,c2f8eace2c3bd9d521c559c16a64b2142dce35ca62f51ddbde58bbce4c156649,44;44;42;44;44;44;42,44;44;44;44;44;42;42,96,576
16705,q7_edges_304.jsonl.part3,3462,a0a918ca6ee4fd6ffd947f700306f9f9e644bec954cde4e452ff819af1fd8cef,40;40;48;48;40;40;48,48;48;48;40;40;40;40,96,576
16729,q7_edges_304.jsonl.part3,3486,2a4af878ca58b4070a5bcc65fe7c1af19ccb084ed548fdf211e45d52593ee56a,40;42;42;42;46;46;46,46;46;46;42;42;42;40,96,576
16807,q7_edges_304.jsonl.part3,3564,07b207f9e499b7cb32029a881f7675852886be691f9deba66fe6efecdf7bfba7,40;40;48;40;48;40;48,48;48;48;40;40;40;40,96,576
16834,q7_edges_304.jsonl.part3,3591,90a86a4bcc1de455061a9fefb010f471bb180edb9781d5cc95abb3975faa708e,48;40;48;40;40;40;48,48;48;48;40;40;40;40,96,576
16836,q7_edges_304.jsonl.part3,3593,9e45c2b2c593e1236a6232c38a73c8caee16eb29462ad1d55973ee68d651f826,48;40;40;48;40;48;40,48;48;48;40;40;40;40,96,576
16841,q7_edges_304.jsonl.part3,3598,4d0e912ecd25511bc142b65e6d554345aa3664148e14029b6e4d3c0cef9ade47,40;40;48;48;40;40;48,48;48;48;40;40;40;40,96,576
16891,q7_edges_304.jsonl.part3,3648,fc9d50ba9e8db773a5096ced6ec7e933a39aa33c9c475e924542236409771d9c,44;42;44;44;44;42;44,44;44;44;44;44;42;42,96,576
16897,q7_edges_304.jsonl.part3,3654,ef6e0755b58207f85f86591a0e64e5aad64737952c53a34c80ca16dc4c08a068,44;44;42;42;44;44;44,44;44;44;44;44;42;42,96,576
16911,q7_edges_304.jsonl.part3,3668,910708149d4bf275ec6b58f71bce19d2da25c19f35f73d7857deb87ea37f53fd,42;44;44;44;44;44;42,44;44;44;44;44;42;42,96,576
16954,q7_edges_304.jsonl.part3,3711,d6d66ee505b3c0d72e3642beb4fbfe9060ffcda10011f8366dbb023e436273b3,44;44;44;40;44;44;44,44;44;44;44;44;44;40,96,576
16967,q7_edges_304.jsonl.part3,3724,2d27fa380d111bd0e8d8537c7c4b85218b03a62d0323555f31d5616b417ebcb4,44;44;40;44;44;44;44,44;44;44;44;44;44;40,96,576
16988,q7_edges_304.jsonl.part3,3745,7be6a29e79d1dd6ed82caffb8e6df674260b937e6236728812b7f2ea2ae8db86,44;44;44;44;44;40;44,44;44;44;44;44;44;40,96,576
16994,q7_edges_304.jsonl.part3,3751,c1c3e00d803b779521a92918912b3672d1092f446019186c3ee6b52b0e20c06e,42;46;40;42;46;42;46,46;46;46;42;42;42;40,96,576
17002,q7_edges_304.jsonl.part3,3759,5a63d3199459451ba2f762521db299e068aa8a65b71df55a5ef71c28bb778ee5,44;44;44;44;44;40;44,44;44;44;44;44;44;40,96,576
17005,q7_edges_304.jsonl.part3,3762,61e1cb1ad647bd69e9be0b38508416e0a7de115be2f506746fa60365c28a58c6,44;40;44;44;44;44;44,44;44;44;44;44;44;40,96,576
17054,q7_edges_304.jsonl.part3,3811,9d7df87818e4e95cf56f3bbfe9e9618e69f60b8011ee11554f954107e8315d71,42;46;42;40;42;46;46,46;46;46;42;42;42;40,96,576
17091,q7_edges_304.jsonl.part3,3848,8cb583ea52e331ba8d0e81b9272210cb37882ee5be61075c332f60608e3bd298,44;44;44;44;40;44;44,44;44;44;44;44;44;40,96,576
17115,q7_edges_304.jsonl.part3,3872,b37c4f469f24f78ae991634259fea35a1a45cad05e20b3672937c1bc6ef56112,46;46;42;42;42;40;46,46;46;46;42;42;42;40,96,576
17140,q7_edges_304.jsonl.part3,3897,fd385e3f97835f4bdcefcf15e8a5341ca2413deb5f68b256b4926967523639db,48;40;40;40;40;48;48,48;48;48;40;40;40;40,96,576
17241,q7_edges_304.jsonl.part3,3998,0a26f232e4e03f0f75918aab6370fc236342b3395537640d770dfcd060a5db9b,44;44;44;44;42;42;44,44;44;44;44;44;42;42,96,576
17264,q7_edges_304.jsonl.part3,4021,e68554957168fd2548834c38d7514840860b2efa3995a5cbf1dd9e9ace92c5da,46;40;46;42;42;42;46,46;46;46;42;42;42;40,96,576
17281,q7_edges_304.jsonl.part3,4038,17fe040f37513142d6a5ddefe336d1ede81d329f504dabc7c72785cc3e9ee5be,44;44;44;44;42;42;44,44;44;44;44;44;42;42,96,576
17371,q7_edges_304.jsonl.part3,4128,fa4030de5df6313145de84240e56fdef5d2cb5389213b227fcf33c3603198f3e,44;40;44;44;44;44;44,44;44;44;44;44;44;40,96,576
17409,q7_edges_304.jsonl.part3,4166,ce28c78ea203ead19217aef7b6a2d3bc955614b2754a107f58410caa7a48d241,44;44;44;40;44;44;44,44;44;44;44;44;44;40,96,576
17431,q7_edges_304.jsonl.part3,4188,670ed3885bf2423c2a3d3c471cca73cea45c6b9c81b5e8f1be4a03b8e116b048,40;48;40;48;40;48;40,48;48;48;40;40;40;40,96,576
17454,q7_edges_304.jsonl.part3,4211,60ccad92febf7318023632637e9bdef6185ae728ced3e7bcc02e24b0eeb1ddb9,42;46;46;42;42;46;40,46;46;46;42;42;42;40,96,576
17533,q7_edges_304.jsonl.part3,4290,2b8e3c4272cafd753404444181a756fc48c639d3ce6288abf9962c272673a9b0,42;46;42;46;40;46;42,46;46;46;42;42;42;40,96,576
17565,q7_edges_304.jsonl.part3,4322,e698f6c622d90ece971505a9b442ef61b80dce851f03eb53bfe70566d43b4498,44;44;44;44;44;42;42,44;44;44;44;44;42;42,96,576
17581,q7_edges_304.jsonl.part3,4338,0946e64583e50e00526edce2f4c0eda464df51849627425843f59325ce731432,40;48;40;48;48;40;40,48;48;48;40;40;40;40,96,576
17591,q7_edges_304.jsonl.part3,4348,a738e0c9e5c702ff264d38aef91bdfe5eb7affa94402d98b62df16a6027d198d,44;44;44;44;40;44;44,44;44;44;44;44;44;40,96,576
17621,q7_edges_304.jsonl.part3,4378,3ea05c26ad006e7cd97c0303326633bf50c9650bcf912f285a337fa11fea0e57,44;44;44;40;44;44;44,44;44;44;44;44;44;40,96,576
17643,q7_edges_304.jsonl.part3,4400,ed77a1833a8d01ef3e5394daf0d7775b0649660ebf05037b282e74ab57524fd7,40;40;48;40;48;48;40,48;48;48;40;40;40;40,96,576
17650,q7_edges_304.jsonl.part3,4407,7a533ebf78bf6fb2023c14536f41733114e59ac32d431554f778698e2427f697,44;44;44;44;44;44;40,44;44;44;44;44;44;40,96,576
17702,q7_edges_304.jsonl.part3,4459,4b3b18d7bd5f96351397d3b3fed811fe4dc18242d4a4b1e05dfac01e29825ab6,44;44;44;44;44;40;44,44;44;44;44;44;44;40,96,576
17711,q7_edges_304.jsonl.part3,4468,271f31e83c2dccf11f140a7e2fb1f09ef2c1aa9a54d2974523e1fd4b675eade7,46;46;42;42;40;42;46,46;46;46;42;42;42;40,96,576
17730,q7_edges_304.jsonl.part3,4487,364599cd87a7449b62be3c063f2ed44c645aa7c23a2e9a8dd86008fb83c12edf,48;40;48;48;40;40;40,48;48;48;40;40;40;40,96,576
17744,q7_edges_304.jsonl.part3,4501,f174b4890b682d684958b7edc95454d11c831010974e55c92211e84ccb327496,44;44;44;44;44;40;44,44;44;44;44;44;44;40,96,576
17765,q7_edges_304.jsonl.part3,4522,b0b109651691e2e7105998e80d417c98c7f7bbe5b0aa0419ab4ecc99abe26123,46;46;40;42;42;46;42,46;46;46;42;42;42;40,96,576
17803,q7_edges_304.jsonl.part3,4560,3dfb4798ebe98dfb790855dc68528601fd80e18968892668b764647cec42923f,48;40;40;48;40;40;48,48;48;48;40;40;40;40,96,576
17828,q7_edges_304.jsonl.part3,4585,fd9785b461711fb0fa9fffef00f698414596722cf4ba1cf34503ddf87f7f9fc8,44;44;44;44;40;44;44,44;44;44;44;44;44;40,96,576
17955,q7_edges_304.jsonl.part3,4712,6f5e06196f969e1ee490261a75036af574b00e443c452e2114a8212771161e7a,44;44;44;44;44;40;44,44;44;44;44;44;44;40,96,576
18035,q7_edges_304.jsonl.part3,4792,0a37406253d5b226f1aa58a88b39100099f69b3ceff210549a41888e98253da8,44;44;40;44;44;44;44,44;44;44;44;44;44;40,96,576
18050,q7_edges_304.jsonl.part3,4807,819fef5ef12dea8f002defd7b8097ad7ec661d4761846859ba81c03b768a1f8f,42;44;44;42;44;44;44,44;44;44;44;44;42;42,96,576
18098,q7_edges_304.jsonl.part3,4855,bfca4b0d80580063d6b13136333c8a81f619460cdf116466a961336a753cd945,44;44;42;44;44;42;44,44;44;44;44;44;42;42,96,576
18108,q7_edges_304.jsonl.part3,4865,ec738899028679b6dcaf89712bb2e68df81f00ca196d96d45fb25802957bcbd4,48;40;40;40;40;48;48,48;48;48;40;40;40;40,96,576
18142,q7_edges_304.jsonl.part3,4899,6c3f370f8d49ee6f3f84973af7f97f89dcfa85ac6be0997bc807324275d8a178,40;44;44;44;44;44;44,44;44;44;44;44;44;40,96,576
18195,q7_edges_304.jsonl.part3,4952,102459db4dc1a9c7dec4a99803e03965186fc9c15d862c9e0ca60eb0180f9cf1,48;40;48;40;40;48;40,48;48;48;40;40;40;40,96,576
18213,q7_edges_304.jsonl.part3,4970,a9829603be29dbdcf26c2b2f45a3c6e7e8fe18f2dc33886e4e54c6246b122eb3,48;40;40;40;48;48;40,48;48;48;40;40;40;40,96,576
18250,q7_edges_304.jsonl.part3,5007,de546e0bec86eb80a2fddd8125aa5cdf0751ba0dcbd7b124cacfdf6a0d4fa044,44;44;44;42;42;44;44,44;44;44;44;44;42;42,96,576
18265,q7_edges_304.jsonl.part3,5022,5493a4a96ff06cd516c892386e76c1f3b2938c525c1d41a9b77c9c51577df6ab,46;46;40;42;42;42;46,46;46;46;42;42;42;40,96,576
18283,q7_edges_304.jsonl.part3,5040,bd03f799d7b89fbad655264875ac9dbd5ff2bcea9fb685d46385a23847bab796,44;44;44;44;44;40;44,44;44;44;44;44;44;40,96,576
18311,q7_edges_304.jsonl.part3,5068,610e6bd20b63da299bb1119f46fc9ae62f1483a4b4d571fb452dead5ff8331de,46;40;42;42;46;42;46,46;46;46;42;42;42;40,96,576
18318,q7_edges_304.jsonl.part3,5075,7114c64b3334382a08e709a2836b056a653d33ab31c8ef9d87048981f9e01d80,40;40;40;48;48;40;48,48;48;48;40;40;40;40,96,576
18332,q7_edges_304.jsonl.part3,5089,357d358f001821617bcba8a0410ce1caa80d147517f99a5b1cb8dc45142b2508,44;44;44;40;44;44;44,44;44;44;44;44;44;40,96,576
18351,q7_edges_304.jsonl.part3,5108,c412fef96269db0d2cc90c07bf49e79e181592b0f78130a23fff6dced52c4374,48;40;48;40;40;40;48,48;48;48;40;40;40;40,96,576
18495,q7_edges_304.jsonl.part3,5252,1baa2cc4b602440d1c7bf7b035aef4ff8b1ad341c6fd56744ff4a3a1c3f28586,44;44;44;44;44;40;44,44;44;44;44;44;44;40,96,576
18516,q7_edges_304.jsonl.part3,5273,96ec305de48de94db4a19f9ea024261df379d1d454874211f2b6cce4539dae58,44;44;44;44;40;44;44,44;44;44;44;44;44;40,96,576
18522,q7_edges_304.jsonl.part3,5279,6d932437f0bc79a3c5eed20f76ba3e2ba31fa7a81bd9b121cd9738991db45a79,46;42;40;46;46;42;42,46;46;46;42;42;42;40,96,576
18591,q7_edges_304.jsonl.part3,5348,f2287b9d421fd696ed59362e4cc613b809cd3da1d7317ffce0a006c37ad8ad21,42;44;44;44;42;44;44,44;44;44;44;44;42;42,96,576
18600,q7_edges_304.jsonl.part3,5357,e208556c052b7af022a12d62b0d45a7323c0baf7a9197841401a181971c23a83,44;44;44;44;42;44;42,44;44;44;44;44;42;42,96,576
18606,q7_edges_304.jsonl.part3,5363,0274f341976d0603b5bd9b240ad67a47b4e4c95d14aa2889e02633a69dec341b,44;44;44;44;42;42;44,44;44;44;44;44;42;42,96,576
18628,q7_edges_304.jsonl.part3,5385,64bdf533d8b8e57e1f0e95ea107e3015f50a10bceba08209377944f537d396b0,48;40;40;48;40;48;40,48;48;48;40;40;40;40,96,576
18710,q7_edges_304.jsonl.part3,5467,3f0dea4835c0bc504ab8ac81217f9a29f0c53ac5029c29683d52faac9e51bf36,44;44;42;44;44;44;42,44;44;44;44;44;42;42,96,576
18774,q7_edges_304.jsonl.part3,5531,73c1b6835c95988c852714f1fc0ff21701d988c1477f3f9ed87145ef2196476f,44;44;44;44;44;40;44,44;44;44;44;44;44;40,96,576
18824,q7_edges_304.jsonl.part3,5581,e139400622d54fa833de1f926d937e32f08e72ee5a984243c8e5c6ea661d78ba,48;48;40;40;40;48;40,48;48;48;40;40;40;40,96,576
18890,q7_edges_304.jsonl.part3,5647,b63f17299fdc71ed547bedd2053463ed1beb361abfaddfc5a8a38c9a25484f3f,48;40;40;40;48;40;48,48;48;48;40;40;40;40,96,576
18909,q7_edges_304.jsonl.part3,5666,436e0a65fb8a08a4406a0e30bd16cf0d960e4f53e83e24203e5e6a767eff9cb5,44;44;44;44;44;40;44,44;44;44;44;44;44;40,96,576
18945,q7_edges_304.jsonl.part3,5702,00f249def66cd5bb6302210b1a92bf0c0a19285fb466d051f531d43494809e85,44;44;44;44;44;44;40,44;44;44;44;44;44;40,96,576
18995,q7_edges_304.jsonl.part3,5752,475b2e0c0f5d082b3a29ce4ab45eac68f87b29fa4f0841cf912f4d41f12b0775,48;40;40;40;40;48;48,48;48;48;40;40;40;40,96,576
19076,q7_edges_304.jsonl.part3,5833,ce6ac6cec35bb88845bbfb2e90b45f18469045a01d4003e21a734446af2ac69a,40;48;40;48;40;40;48,48;48;48;40;40;40;40,96,576
19149,q7_edges_304.jsonl.part3,5906,a2e1bce6a553c537298aa3fc20d23ed4533aec09664347114b23909cbd2920a3,42;42;46;46;40;42;46,46;46;46;42;42;42;40,96,576
19178,q7_edges_304.jsonl.part3,5935,25a42b6dcf5f786c713de506858957833b23ba27c2d9fc325d78fde9649e99c6,44;40;44;44;44;44;44,44;44;44;44;44;44;40,96,576
19272,q7_edges_304.jsonl.part3,6029,2b2d06e199974e66efeb931edbfd0a9031739ba73ad2cc2f3111bad739655691,44;44;44;44;42;42;44,44;44;44;44;44;42;42,96,576
19292,q7_edges_304.jsonl.part3,6049,87eedf5034739aa76dcec1dd544986fe733a85feaa7f3bdd13c64592ca489d8d,44;44;44;44;44;40;44,44;44;44;44;44;44;40,96,576
19325,q7_edges_304.jsonl.part3,6082,bf49136eeceb3ae028f4f2ceb91f5d54198e4efec7cbb6f8fbc49a6ff32de98b,48;40;48;40;48;40;40,48;48;48;40;40;40;40,96,576
19410,q7_edges_304.jsonl.part3,6167,9ba76e568b6e2672c6e1a52070f2267ac96301dde8815ff04f22796933c1e563,42;42;46;42;46;46;40,46;46;46;42;42;42;40,96,576
19433,q7_edges_304.jsonl.part3,6190,54d36200865586cba3a90a7115f3b76a2c11a70426def4b4d6de72e3cac710e6,42;42;46;46;46;40;42,46;46;46;42;42;42;40,96,576
19481,q7_edges_304.jsonl.part3,6238,4a97e4fab435a155e403b61811e68397006147183946caa95dbccc51b23b7235,44;44;44;44;44;40;44,44;44;44;44;44;44;40,96,576
19489,q7_edges_304.jsonl.part3,6246,6e338272d0c9676485104bc86dcc84696da26afd8c0c02d8de4e56fb6ba03421,44;42;44;42;44;44;44,44;44;44;44;44;42;42,96,576
19498,q7_edges_304.jsonl.part3,6255,29b474ea3e395973984391e14ee5d9693c1721a4d7dcce3248d5509489634409,44;44;44;44;44;44;40,44;44;44;44;44;44;40,96,576
19630,q7_edges_304.jsonl.part3,6387,65b560df5e08ff961b1a04ade568e33b70bac48f08869bfc766faffa42ffb637,40;40;48;48;40;48;40,48;48;48;40;40;40;40,96,576
19645,q7_edges_304.jsonl.part3,6402,37ddd7eb65413afe2c5a93c13baf781cd4084e64aca6fffe8d2fcdff30ab249b,44;44;42;42;44;44;44,44;44;44;44;44;42;42,96,576
19673,q7_edges_304.jsonl.part3,6430,d0694f2adf9b6853c5d09f377ef9af0abe978aa62f53a97bbfbda20fddc8b090,40;40;48;40;48;48;40,48;48;48;40;40;40;40,96,576
19699,q7_edges_304.jsonl.part3,6456,5521b679f93eb5536e993ae6f42f86ab73fefc5d47a2a82249d708b183497f7e,44;44;42;44;42;44;44,44;44;44;44;44;42;42,96,576
19704,q7_edges_304.jsonl.part3,6461,17b3241507945e44f1e604713f57066bc1e89ae0394080bebaa0e00e7c0933fd,40;46;46;42;42;42;46,46;46;46;42;42;42;40,96,576
19765,q7_edges_304.jsonl.part3,6522,f04de54ce588038e1c60f7414e00c61f36086b56b1babf335d733fa82ee1bfc1,44;44;40;44;44;44;44,44;44;44;44;44;44;40,96,576
19769,q7_edges_304.jsonl.part3,6526,c67cb77a00e7bd8a176981ae02c45bd2e2269f16df1b51d24fc6d81f38730866,42;44;44;44;42;44;44,44;44;44;44;44;42;42,96,576
19772,q7_edges_304.jsonl.part3,6529,07372173bdba6b3f60e5c19dd2e7f3b8383f233c5f4ba7bd85a4b65a771b509f,44;42;44;42;44;44;44,44;44;44;44;44;42;42,96,576
19805,q7_edges_304.jsonl.part3,6562,8ef7ecb85ee062c2d771f5fdb3792f613ac729b59278fe4d183a97b785797503,48;48;40;40;48;40;40,48;48;48;40;40;40;40,96,576
19839,q7_edges_304.jsonl.part3,6596,c3c47854f5103e3db8561559bc4566ad4d49bc9b638a824d5fa527c9370e24ad,44;40;44;44;44;44;44,44;44;44;44;44;44;40,96,576
19860,q7_edges_304.jsonl.part3,6617,c910c2d1d946814be52e63704746e22bdb95cebf97f6245db13d39fad8eb3332,44;44;40;44;44;44;44,44;44;44;44;44;44;40,96,576
