type18_ordinal_one_based,global_index_zero_based,source_file,line_number_one_based,direction_counts_bits_0_to_6,high_48_directions,stabilizer_size,direction_moving_automorphisms,order3_high_cycle_automorphisms,direction_witness_permutation_old_to_new,direction_witness_xor_mask,order3_witness_permutation_old_to_new,order3_witness_xor_mask,order3_witness_high_cycle
1,122,q7_edges_304.jsonl.part1,123,40;48;40;48;48;40;40,1;3;4,24,12,0,0;3;2;1;4;5;6,64,,,
2,170,q7_edges_304.jsonl.part1,171,48;40;48;40;40;48;40,0;2;5,72,60,6,0;1;5;3;4;2;6,90,2;1;5;3;4;0;6,5,(0 2 5)
3,579,q7_edges_304.jsonl.part1,580,40;40;48;48;48;40;40,2;3;4,24,12,0,0;1;2;4;3;5;6,32,,,
4,831,q7_edges_304.jsonl.part1,832,40;48;40;48;40;40;48,1;3;6,72,60,6,0;1;2;6;4;5;3,53,0;3;2;6;4;5;1,10,(1 3 6)
5,1478,q7_edges_304.jsonl.part1,1479,40;40;40;48;48;40;48,3;4;6,72,60,6,0;1;2;3;6;5;4,45,0;1;2;4;6;5;3,72,(3 4 6)
6,1621,q7_edges_304.jsonl.part1,1622,48;48;40;48;40;40;40,0;1;3,24,12,0,0;3;2;1;4;5;6,16,,,
7,2252,q7_edges_304.jsonl.part1,2253,40;48;48;40;48;40;40,1;2;4,24,12,0,0;4;2;3;1;5;6,82,,,
8,2488,q7_edges_304.jsonl.part1,2489,40;48;48;40;48;40;40,1;2;4,24,12,0,0;1;4;3;2;5;6,8,,,
9,2627,q7_edges_304.jsonl.part1,2628,48;40;40;40;48;48;40,0;4;5,24,12,0,0;1;2;3;5;4;6,8,,,
10,2725,q7_edges_304.jsonl.part1,2726,48;40;40;48;40;48;40,0;3;5,24,12,0,3;1;2;0;4;5;6,16,,,
11,2858,q7_edges_304.jsonl.part1,2859,48;40;40;40;48;40;48,0;4;6,24,12,0,0;1;2;3;6;5;4,8,,,
12,2938,q7_edges_304.jsonl.part1,2939,40;40;48;48;40;40;48,2;3;6,24,12,0,0;1;6;3;4;5;2,84,,,
13,3087,q7_edges_304.jsonl.part1,3088,40;40;48;48;40;48;40,2;3;5,72,60,6,0;1;2;5;4;3;6,85,0;1;3;5;4;2;6,40,(2 3 5)
14,3274,q7_edges_304.jsonl.part1,3275,48;40;48;48;40;40;40,0;2;3,24,12,0,2;1;0;3;4;5;6,69,,,
15,3363,q7_edges_304.jsonl.part1,3364,40;40;48;40;48;48;40,2;4;5,24,12,0,0;1;5;3;4;2;6,100,,,
16,4035,q7_edges_304.jsonl.part1,4036,40;48;48;40;40;48;40,1;2;5,72,60,6,0;1;5;3;4;2;6,83,0;2;5;3;4;1;6,36,(1 2 5)
17,4036,q7_edges_304.jsonl.part1,4037,40;48;40;48;40;48;40,1;3;5,24,12,0,0;5;2;3;4;1;6,98,,,
18,4158,q7_edges_304.jsonl.part1,4159,40;40;40;48;48;40;48,3;4;6,24,12,0,0;1;2;6;4;5;3,1,,,
19,4313,q7_edges_304.jsonl.part1,4314,48;40;40;48;40;48;40,0;3;5,72,60,6,0;1;2;5;4;3;6,83,3;1;2;5;4;0;6,40,(0 3 5)
20,4401,q7_edges_304.jsonl.part1,4402,40;40;40;40;48;48;48,4;5;6,72,60,6,0;1;2;3;4;6;5,30,0;1;2;3;5;6;4,96,(4 5 6)
21,4615,q7_edges_304.jsonl.part1,4616,40;48;48;48;40;40;40,1;2;3,72,60,6,0;1;3;2;4;5;6,83,0;2;3;1;4;5;6,12,(1 2 3)
22,4632,q7_edges_304.jsonl.part1,4633,48;48;40;40;40;40;48,0;1;6,24,12,0,1;0;2;3;4;5;6,7,,,
23,5021,q7_edges_304.jsonl.part1,5022,40;48;40;40;48;40;48,1;4;6,72,60,6,0;1;2;3;6;5;4,39,0;4;2;3;6;5;1,66,(1 4 6)
24,5173,q7_edges_304.jsonl.part1,5174,40;40;48;48;40;48;40,2;3;5,24,12,0,0;1;5;3;4;2;6,64,,,
25,5204,q7_edges_304.jsonl.part1,5205,40;40;48;40;40;48;48,2;5;6,72,60,6,0;1;2;3;4;6;5,29,0;1;5;3;4;6;2,68,(2 5 6)
26,5579,q7_edges_304.jsonl.part1,5580,48;40;48;40;40;40;48,0;2;6,24,12,0,6;1;2;3;4;5;0,73,,,
27,5679,q7_edges_304.jsonl.part1,5680,48;48;40;40;40;40;48,0;1;6,24,12,0,0;6;2;3;4;5;1,74,,,
28,6144,q7_edges_304.jsonl.part1,6145,48;40;40;48;40;40;48,0;3;6,24,12,0,3;1;2;0;4;5;6,2,,,
29,7016,q7_edges_304.jsonl.part2,395,48;40;40;40;40;48;48,0;5;6,72,60,6,0;1;2;3;4;6;5,15,5;1;2;3;4;6;0,96,(0 5 6)
30,7769,q7_edges_304.jsonl.part2,1148,48;40;40;40;40;48;48,0;5;6,72,60,6,0;1;2;3;4;6;5,29,5;1;2;3;4;6;0,96,(0 5 6)
31,8547,q7_edges_304.jsonl.part2,1926,48;48;40;48;40;40;40,0;1;3,72,60,6,0;3;2;1;4;5;6,101,1;3;2;0;4;5;6,10,(0 1 3)
32,8556,q7_edges_304.jsonl.part2,1935,40;48;40;48;40;48;40,1;3;5,24,12,0,0;5;2;3;4;1;6,4,,,
33,8912,q7_edges_304.jsonl.part2,2291,48;40;48;40;40;40;48,0;2;6,72,60,6,0;1;6;3;4;5;2,58,2;1;6;3;4;5;0,5,(0 2 6)
34,9008,q7_edges_304.jsonl.part2,2387,40;48;48;48;40;40;40,1;2;3,24,12,0,0;2;1;3;4;5;6,32,,,
35,9256,q7_edges_304.jsonl.part2,2635,40;40;48;48;40;40;48,2;3;6,72,60,6,0;1;2;6;4;5;3,54,0;1;3;6;4;5;2,68,(2 3 6)
36,9544,q7_edges_304.jsonl.part2,2923,48;40;48;40;40;48;40,0;2;5,24,12,0,2;1;0;3;4;5;6,8,,,
37,9584,q7_edges_304.jsonl.part2,2963,40;48;48;48;40;40;40,1;2;3,72,60,6,0;1;3;2;4;5;6,83,0;2;3;1;4;5;6,12,(1 2 3)
38,9617,q7_edges_304.jsonl.part2,2996,48;40;40;48;40;40;48,0;3;6,72,60,6,0;1;2;6;4;5;3,54,3;1;2;6;4;5;0,9,(0 3 6)
39,9667,q7_edges_304.jsonl.part2,3046,48;40;48;40;48;40;40,0;2;4,24,12,0,2;1;0;3;4;5;6,32,,,
40,10093,q7_edges_304.jsonl.part2,3472,40;48;40;40;48;40;48,1;4;6,24,12,0,0;1;2;3;6;5;4,81,,,
41,10143,q7_edges_304.jsonl.part2,3522,40;40;48;48;48;40;40,2;3;4,24,12,0,0;1;2;4;3;5;6,26,,,
42,10150,q7_edges_304.jsonl.part2,3529,40;40;40;48;48;40;48,3;4;6,72,60,6,0;1;2;3;6;5;4,43,0;1;2;4;6;5;3,72,(3 4 6)
43,10392,q7_edges_304.jsonl.part2,3771,40;48;40;40;48;48;40,1;4;5,24,12,0,0;4;2;3;1;5;6,1,,,
44,11245,q7_edges_304.jsonl.part2,4624,48;40;48;40;40;48;40,0;2;5,72,60,6,0;1;5;3;4;2;6,75,2;1;5;3;4;0;6,33,(0 2 5)
45,11925,q7_edges_304.jsonl.part2,5304,40;48;40;48;48;40;40,1;3;4,24,12,0,0;1;2;4;3;5;6,56,,,
46,12152,q7_edges_304.jsonl.part2,5531,48;40;48;48;40;40;40,0;2;3,24,12,0,3;1;2;0;4;5;6,32,,,
47,12200,q7_edges_304.jsonl.part2,5579,48;40;48;40;40;48;40,0;2;5,24,12,0,0;1;5;3;4;2;6,44,,,
48,12318,q7_edges_304.jsonl.part2,5697,40;48;40;48;40;48;40,1;3;5,24,12,0,0;1;2;5;4;3;6,16,,,
49,12353,q7_edges_304.jsonl.part2,5732,40;48;40;40;48;40;48,1;4;6,24,12,0,0;4;2;3;1;5;6,1,,,
50,12361,q7_edges_304.jsonl.part2,5740,40;40;48;40;48;40;48,2;4;6,72,60,6,0;1;2;3;6;5;4,43,0;1;4;3;6;5;2,0,(2 4 6)
51,12561,q7_edges_304.jsonl.part2,5940,48;48;40;40;48;40;40,0;1;4,72,60,6,0;4;2;3;1;5;6,105,1;4;2;3;0;5;6,17,(0 1 4)
52,12653,q7_edges_304.jsonl.part2,6032,40;40;40;40;48;48;48,4;5;6,72,60,6,0;1;2;3;4;6;5,23,0;1;2;3;5;6;4,96,(4 5 6)
53,12850,q7_edges_304.jsonl.part2,6229,40;40;40;48;48;48;40,3;4;5,24,12,0,0;1;2;3;5;4;6,1,,,
54,13041,q7_edges_304.jsonl.part2,6420,40;40;48;40;48;40;48,2;4;6,72,60,6,0;1;2;3;6;5;4,46,0;1;4;3;6;5;2,68,(2 4 6)
55,13059,q7_edges_304.jsonl.part2,6438,40;48;40;48;48;40;40,1;3;4,72,60,6,0;1;2;4;3;5;6,101,0;3;2;4;1;5;6,0,(1 3 4)
56,13060,q7_edges_304.jsonl.part2,6439,40;40;48;40;40;48;48,2;5;6,24,12,0,0;1;2;3;4;6;5,97,,,
57,13126,q7_edges_304.jsonl.part2,6505,48;48;40;40;48;40;40,0;1;4,72,60,6,0;4;2;3;1;5;6,77,1;4;2;3;0;5;6,18,(0 1 4)
58,13310,q7_edges_304.jsonl.part3,67,48;40;40;48;48;40;40,0;3;4,72,60,6,0;1;2;4;3;5;6,63,3;1;2;4;0;5;6,0,(0 3 4)
59,13312,q7_edges_304.jsonl.part3,69,48;40;40;40;40;48;48,0;5;6,72,60,6,0;1;2;3;4;6;5,27,5;1;2;3;4;6;0,96,(0 5 6)
60,13558,q7_edges_304.jsonl.part3,315,48;40;40;48;48;40;40,0;3;4,24,12,0,4;1;2;3;0;5;6,4,,,
61,13611,q7_edges_304.jsonl.part3,368,40;40;48;40;48;48;40,2;4;5,72,60,6,0;1;2;3;5;4;6,77,0;1;4;3;5;2;6,36,(2 4 5)
62,13791,q7_edges_304.jsonl.part3,548,48;40;40;48;40;40;48,0;3;6,72,60,6,0;1;2;6;4;5;3,53,3;1;2;6;4;5;0,72,(0 3 6)
63,14556,q7_edges_304.jsonl.part3,1313,40;48;40;48;40;40;48,1;3;6,72,60,6,0;1;2;6;4;5;3,53,0;3;2;6;4;5;1,10,(1 3 6)
64,14830,q7_edges_304.jsonl.part3,1587,40;40;48;40;48;48;40,2;4;5,72,60,6,0;1;2;3;5;4;6,75,0;1;4;3;5;2;6,20,(2 4 5)
65,15002,q7_edges_304.jsonl.part3,1759,48;48;40;40;48;40;40,0;1;4,24,12,0,0;4;2;3;1;5;6,26,,,
66,15015,q7_edges_304.jsonl.part3,1772,40;48;40;40;40;48;48,1;5;6,24,12,0,0;5;2;3;4;1;6,35,,,
67,15194,q7_edges_304.jsonl.part3,1951,40;40;40;48;48;48;40,3;4;5,24,12,0,0;1;2;4;3;5;6,26,,,
68,15445,q7_edges_304.jsonl.part3,2202,40;40;40;48;40;48;48,3;5;6,72,60,6,0;1;2;3;4;6;5,23,0;1;2;5;4;6;3,0,(3 5 6)
69,15639,q7_edges_304.jsonl.part3,2396,40;48;40;48;40;40;48,1;3;6,24,12,0,0;3;2;1;4;5;6,26,,,
70,15645,q7_edges_304.jsonl.part3,2402,48;40;48;48;40;40;40,0;2;3,72,60,6,0;1;3;2;4;5;6,114,2;1;3;0;4;5;6,5,(0 2 3)
71,15668,q7_edges_304.jsonl.part3,2425,40;48;40;40;40;48;48,1;5;6,24,12,0,0;1;2;3;4;6;5,8,,,
72,15749,q7_edges_304.jsonl.part3,2506,40;40;40;48;48;40;48,3;4;6,24,12,0,0;1;2;6;4;5;3,74,,,
73,15833,q7_edges_304.jsonl.part3,2590,48;48;40;40;48;40;40,0;1;4,24,12,0,0;4;2;3;1;5;6,4,,,
74,15954,q7_edges_304.jsonl.part3,2711,40;40;48;48;40;48;40,2;3;5,24,12,0,0;1;3;2;4;5;6,64,,,
75,16014,q7_edges_304.jsonl.part3,2771,40;48;40;48;48;40;40,1;3;4,24,12,0,0;1;2;4;3;5;6,32,,,
76,16291,q7_edges_304.jsonl.part3,3048,48;48;40;40;40;40;48,0;1;6,24,12,0,6;1;2;3;4;5;0,69,,,
77,16705,q7_edges_304.jsonl.part3,3462,40;40;48;48;40;40;48,2;3;6,24,12,0,0;1;2;6;4;5;3,88,,,
78,16807,q7_edges_304.jsonl.part3,3564,40;40;48;40;48;40;48,2;4;6,24,12,0,0;1;6;3;4;5;2,1,,,
79,16834,q7_edges_304.jsonl.part3,3591,48;40;48;40;40;40;48,0;2;6,72,60,6,0;1;6;3;4;5;2,58,2;1;6;3;4;5;0,5,(0 2 6)
80,16836,q7_edges_304.jsonl.part3,3593,48;40;40;48;40;48;40,0;3;5,72,60,6,0;1;2;5;4;3;6,71,3;1;2;5;4;0;6,40,(0 3 5)
81,16841,q7_edges_304.jsonl.part3,3598,40;40;48;48;40;40;48,2;3;6,24,12,0,0;1;2;6;4;5;3,1,,,
82,17140,q7_edges_304.jsonl.part3,3897,48;40;40;40;40;48;48,0;5;6,24,12,0,5;1;2;3;4;0;6,35,,,
83,17431,q7_edges_304.jsonl.part3,4188,40;48;40;48;40;48;40,1;3;5,72,60,6,0;1;2;5;4;3;6,85,0;3;2;5;4;1;6,0,(1 3 5)
84,17581,q7_edges_304.jsonl.part3,4338,40;48;40;48;48;40;40,1;3;4,72,60,6,0;1;2;4;3;5;6,63,0;3;2;4;1;5;6,10,(1 3 4)
85,17643,q7_edges_304.jsonl.part3,4400,40;40;48;40;48;48;40,2;4;5,72,60,6,0;1;2;3;5;4;6,75,0;1;4;3;5;2;6,20,(2 4 5)
86,17730,q7_edges_304.jsonl.part3,4487,48;40;48;48;40;40;40,0;2;3,72,60,6,0;1;3;2;4;5;6,114,2;1;3;0;4;5;6,5,(0 2 3)
87,17803,q7_edges_304.jsonl.part3,4560,48;40;40;48;40;40;48,0;3;6,24,12,0,0;1;2;6;4;5;3,16,,,
88,18108,q7_edges_304.jsonl.part3,4865,48;40;40;40;40;48;48,0;5;6,24,12,0,6;1;2;3;4;5;0,8,,,
89,18195,q7_edges_304.jsonl.part3,4952,48;40;48;40;40;48;40,0;2;5,72,60,6,0;1;5;3;4;2;6,90,2;1;5;3;4;0;6,5,(0 2 5)
90,18213,q7_edges_304.jsonl.part3,4970,48;40;40;40;48;48;40,0;4;5,24,12,0,5;1;2;3;4;0;6,4,,,
91,18318,q7_edges_304.jsonl.part3,5075,40;40;40;48;48;40;48,3;4;6,72,60,6,0;1;2;3;6;5;4,39,0;1;2;4;6;5;3,24,(3 4 6)
92,18351,q7_edges_304.jsonl.part3,5108,48;40;48;40;40;40;48,0;2;6,24,12,0,2;1;0;3;4;5;6,8,,,
93,18628,q7_edges_304.jsonl.part3,5385,48;40;40;48;40;48;40,0;3;5,24,12,0,0;1;2;5;4;3;6,44,,,
94,18824,q7_edges_304.jsonl.part3,5581,48;48;40;40;40;48;40,0;1;5,24,12,0,5;1;2;3;4;0;6,37,,,
95,18890,q7_edges_304.jsonl.part3,5647,48;40;40;40;48;40;48,0;4;6,24,12,0,6;1;2;3;4;5;0,2,,,
96,18995,q7_edges_304.jsonl.part3,5752,48;40;40;40;40;48;48,0;5;6,72,60,6,0;1;2;3;4;6;5,23,5;1;2;3;4;6;0,96,(0 5 6)
97,19076,q7_edges_304.jsonl.part3,5833,40;48;40;48;40;40;48,1;3;6,72,60,6,0;1;2;6;4;5;3,51,0;3;2;6;4;5;1,66,(1 3 6)
98,19325,q7_edges_304.jsonl.part3,6082,48;40;48;40;48;40;40,0;2;4,72,60,6,0;1;4;3;2;5;6,63,2;1;4;3;0;5;6,0,(0 2 4)
99,19630,q7_edges_304.jsonl.part3,6387,40;40;48;48;40;48;40,2;3;5,72,60,6,0;1;2;5;4;3;6,83,0;1;3;5;4;2;6,12,(2 3 5)
100,19673,q7_edges_304.jsonl.part3,6430,40;40;48;40;48;48;40,2;4;5,72,60,6,0;1;2;3;5;4;6,63,0;1;4;3;5;2;6,20,(2 4 5)
101,19805,q7_edges_304.jsonl.part3,6562,48;48;40;40;48;40;40,0;1;4,24,12,0,4;1;2;3;0;5;6,4,,,
